;FLAVOR:Marlin
M73 P0
M117 Time Left 0h25m43s
;TIME:1543
;Filament used: 1.19909m
;Layer height: 0.2
;MINX:82.523
;MINY:92.936
;MINZ:0.36
;MAXX:138.314
;MAXY:127.056
;MAXZ:6.71
;POSTPROCESSED
;Generated with Cura_SteamEngine 4.12.1
M140 S60
M105
M190 S60
M82 ;absolute extrusion mode
; ; Octolapse Script Start ;;
; Script based on an original created by tjjfvi (https://github.com/tjjfvi)
; An up-to-date version of the tjjfvi's original script can be found
; here:  https://csi.t6.fyi/
; Note - This script will only work in Cura V4.2 and above!
; --- Global Settings
; layer_height = 0.2
; smooth_spiralized_contours = True
; magic_mesh_surface_mode = normal
; machine_extruder_count = 1
; --- Single Extruder Settings
; speed_z_hop = 5
; retraction_amount = 5
; retraction_hop = 0.2
; retraction_hop_enabled = False
; retraction_enable = True
; retraction_speed = 45
; retraction_retract_speed = 45
; retraction_prime_speed = 45
; speed_travel = 150.0

;; Octolapse Script END ;;


; Ender 3 Custom Start G-code
M117 Getting the bed up to temp!
M140 S60 ; Set Heat Bed temperature
M190 S60 ; Wait for Heat Bed temperature
M117 Pre-heating the extruder!
M104 S200; start warming extruder to 160
G28 ; Home all axes
M117 Auto bed-level GO!
G29 ; Auto bed-level (BL-Touch)\
M500 ; save bed-level settings
M420 S1 ; ensure bed-leveling is turned on


G92 E0 ; Reset Extruder
M117 Getting the extruder up to temp!
M104 S200 ; Set Extruder temperature
M109 S200 ; Wait for Extruder temperature
G1 Z2.0 F3000 ; Move Z Axis up little to prevent scratching of Heat Bed
G1 X0.1 Y20 Z0.3 F5000.0 ; Move to start position
G1 X0.1 Y200.0 Z0.3 F1500.0 E15 ; Draw the first line
G1 X0.4 Y200.0 Z0.3 F5000.0 ; Move to side a little
G1 X0.4 Y20 Z0.3 F1500.0 E30 ; Draw the second line
G92 E0 ; Reset Extruder
G1 Z2.0 F3000 ; Move Z Axis up little to prevent scratching of Heat Bed
G1 X5 Y20 Z0.3 F5000.0 ; Move over to prevent blob squish
G92 E0
G92 E0
G1 F2700 E-5
;LAYER_COUNT:27
;LAYER:-6
M107
G0 F9000 X85.096 Y95.309 Z0.36
;TYPE:SUPPORT-INTERFACE
G1 F2700 E0
G1 F1125 X85.391 Y95.05 E0.047
G1 X85.606 Y94.883 E0.0796
G1 X85.837 Y94.727 E0.11298
G1 X86.105 Y94.569 E0.15023
G1 X86.362 Y94.439 E0.18471
G1 X86.632 Y94.323 E0.2199
G1 X86.888 Y94.231 E0.25247
G1 X87.18 Y94.147 E0.28885
G1 X87.441 Y94.091 E0.32081
G1 X87.761 Y94.043 E0.35956
G1 X88.229 Y94.007 E0.41576
G1 X88.421 Y94 E0.43877
G1 X124.447 Y94 E4.75239
G1 X124.573 Y94.004 E4.76749
G1 X124.95 Y94.028 E4.81272
G1 X125.248 Y94.065 E4.84867
G1 X125.532 Y94.12 E4.88331
G1 X125.823 Y94.196 E4.91932
G1 X126.081 Y94.28 E4.95181
G1 X126.36 Y94.391 E4.98776
G1 X126.618 Y94.513 E5.02194
G1 X126.876 Y94.656 E5.05726
G1 X127.098 Y94.798 E5.08881
G1 X127.356 Y94.989 E5.12725
G1 X127.716 Y95.298 E5.18405
G1 X127.931 Y95.509 E5.22012
G1 X128.188 Y95.802 E5.26679
G1 X128.333 Y95.989 E5.29512
G1 X128.775 Y96.492 E5.3753
G1 X129.287 Y96.944 E5.45707
G1 X129.849 Y97.325 E5.53837
G1 X130.277 Y97.552 E5.59638
G1 X130.612 Y97.71 E5.64073
G1 X130.877 Y97.857 E5.67702
G1 X131.096 Y97.996 E5.70807
G1 X131.362 Y98.194 E5.74778
G1 X131.716 Y98.498 E5.80365
G1 X131.932 Y98.709 E5.8398
G1 X132.179 Y98.99 E5.8846
G1 X132.447 Y99.337 E5.9371
G1 X132.891 Y99.84 E6.01743
G1 X133.403 Y100.29 E6.09905
G1 X133.965 Y100.671 E6.18035
G1 X134.383 Y100.894 E6.23708
G1 X134.646 Y101.019 E6.27194
G1 X134.894 Y101.156 E6.30587
G1 X135.114 Y101.296 E6.33709
G1 X135.38 Y101.494 E6.3768
G1 X135.734 Y101.798 E6.43267
G1 X135.949 Y102.009 E6.46874
G1 X136.208 Y102.304 E6.51574
G1 X136.375 Y102.519 E6.54834
G1 X136.531 Y102.75 E6.58171
G1 X136.689 Y103.018 E6.61896
M73 P1
G1 X136.821 Y103.277 E6.65377
G1 X136.924 Y103.516 E6.68493
G1 X137.031 Y103.814 E6.72284
G1 X137.111 Y104.093 E6.7576
G1 X137.167 Y104.354 E6.78956
G1 X137.215 Y104.674 E6.8283
G1 X137.251 Y105.135 E6.88367
G1 X137.258 Y105.32 E6.90584
G1 X137.258 Y114.707 E8.0298
G1 X137.254 Y114.833 E8.0449
G1 X137.23 Y115.21 E8.09013
G1 X137.193 Y115.508 E8.12609
G1 X137.138 Y115.792 E8.16072
G1 X137.062 Y116.083 E8.19673
G1 X136.978 Y116.341 E8.22922
G1 X136.867 Y116.62 E8.26518
G1 X136.745 Y116.878 E8.29935
G1 X136.601 Y117.137 E8.33483
G1 X136.462 Y117.356 E8.36589
G1 X136.264 Y117.622 E8.40559
G1 X135.96 Y117.976 E8.46146
G1 X135.749 Y118.191 E8.49753
G1 X135.456 Y118.448 E8.5442
G1 X135.239 Y118.617 E8.57713
G1 X135.008 Y118.773 E8.61051
G1 X134.74 Y118.931 E8.64776
G1 X133.932 Y119.341 E8.75625
G1 X133.936 Y119.348 E8.75721
G1 X133.407 Y119.703 E8.8335
G1 X132.891 Y120.154 E8.91555
G1 X132.366 Y120.761 E9.01165
G1 X132.251 Y120.916 E9.03476
G1 X131.94 Y121.28 E9.09208
G1 X131.731 Y121.491 E9.12764
G1 X131.438 Y121.748 E9.17431
G1 X131.221 Y121.917 E9.20724
G1 X130.99 Y122.073 E9.24062
G1 X130.722 Y122.231 E9.27787
G1 X129.855 Y122.669 E9.39418
G1 X129.29 Y123.052 E9.4759
G1 X128.775 Y123.505 E9.55803
G1 X128.263 Y124.099 E9.65193
G1 X127.94 Y124.48 E9.71174
G1 X127.731 Y124.691 E9.7473
G1 X127.438 Y124.948 E9.79396
G1 X127.221 Y125.117 E9.82689
G1 X126.99 Y125.273 E9.86027
G1 X126.722 Y125.431 E9.89752
G1 X126.465 Y125.561 E9.93201
G1 X126.196 Y125.676 E9.96704
G1 X125.939 Y125.769 E9.99976
G1 X125.647 Y125.853 E10.03614
G1 X125.386 Y125.909 E10.0681
G1 X125.066 Y125.957 E10.10685
G1 X124.598 Y125.993 E10.16305
G1 X124.406 Y126 E10.18606
G1 X88.38 Y126 E14.49968
G1 X88.254 Y125.996 E14.51478
G1 X87.877 Y125.972 E14.56001
M73 P2
G1 X87.579 Y125.935 E14.59596
G1 X87.295 Y125.88 E14.6306
G1 X87.004 Y125.804 E14.66661
G1 X86.744 Y125.719 E14.69937
G1 X86.467 Y125.609 E14.73505
G1 X86.208 Y125.486 E14.76938
G1 X85.95 Y125.343 E14.8047
G1 X85.731 Y125.204 E14.83576
G1 X85.465 Y125.006 E14.87547
G1 X85.111 Y124.702 E14.93134
G1 X84.896 Y124.491 E14.96741
G1 X84.637 Y124.196 E15.01441
G1 X84.47 Y123.981 E15.04701
G1 X84.313 Y123.748 E15.08065
G1 X84.156 Y123.482 E15.11763
G1 X84.026 Y123.225 E15.15212
G1 X83.91 Y122.955 E15.1873
G1 X83.818 Y122.699 E15.21988
G1 X83.734 Y122.406 E15.25637
G1 X83.678 Y122.146 E15.28822
G1 X83.63 Y121.826 E15.32696
G1 X83.593 Y121.348 E15.38437
G1 X83.587 Y121.18 E15.4045
G1 X83.587 Y98.793 E18.08504
G1 X83.591 Y98.667 E18.10013
G1 X83.615 Y98.29 E18.14536
G1 X83.652 Y97.991 E18.18144
G1 X83.707 Y97.708 E18.21596
G1 X83.783 Y97.417 E18.25197
G1 X83.867 Y97.159 E18.28446
G1 X83.978 Y96.88 E18.32041
G1 X84.1 Y96.622 E18.35458
G1 X84.246 Y96.359 E18.3906
G1 X84.383 Y96.144 E18.42112
G1 X84.581 Y95.878 E18.46083
G1 X84.885 Y95.524 E18.5167
G1 X85.096 Y95.309 E18.55277
G0 F9000 X84.8 Y95.622
G1 F1125 X84.8 Y124.381 E21.99627
G0 F9000 X86.4 Y125.577
G1 F1125 X86.4 Y94.422 E25.72666
G0 F9000 X88 Y94.024
G1 F1125 X88 Y125.979 E29.55284
G0 F9000 X89.6 Y126
G1 F1125 X89.6 Y94 E33.38441
G0 F9000 X91.2 Y94
G1 F1125 X91.2 Y126 E37.21598
G0 F9000 X92.8 Y126
G1 F1125 X92.8 Y94 E41.04754
G0 F9000 X94.4 Y94
G1 F1125 X94.4 Y126 E44.87911
G0 F9000 X96 Y126
G1 F1125 X96 Y94 E48.71068
G0 F9000 X97.6 Y94
G1 F1125 X97.6 Y126 E52.54225
G0 F9000 X99.2 Y126
G1 F1125 X99.2 Y94 E56.37381
G0 F9000 X100.8 Y94
M73 P3
G1 F1125 X100.8 Y126 E60.20538
G0 F9000 X102.4 Y126
G1 F1125 X102.4 Y94 E64.03695
G0 F9000 X104 Y94
G1 F1125 X104 Y126 E67.86852
G0 F9000 X105.6 Y126
G1 F1125 X105.6 Y94 E71.70008
G0 F9000 X107.2 Y94
G1 F1125 X107.2 Y126 E75.53165
G0 F9000 X108.8 Y126
G1 F1125 X108.8 Y94 E79.36322
G0 F9000 X110.4 Y94
G1 F1125 X110.4 Y126 E83.19479
G0 F9000 X112 Y126
G1 F1125 X112 Y94 E87.02635
G0 F9000 X113.6 Y94
G1 F1125 X113.6 Y126 E90.85792
G0 F9000 X115.2 Y126
G1 F1125 X115.2 Y94 E94.68949
G0 F9000 X116.8 Y94
G1 F1125 X116.8 Y126 E98.52106
G0 F9000 X118.4 Y126
G1 F1125 X118.4 Y94 E102.35262
G0 F9000 X120 Y94
G1 F1125 X120 Y126 E106.18419
G0 F9000 X121.6 Y126
G1 F1125 X121.6 Y94 E110.01576
G0 F9000 X123.2 Y94
G1 F1125 X123.2 Y126 E113.84733
G0 F9000 X124.8 Y125.978
G1 F1125 X124.8 Y94.019 E117.67399
G0 F9000 X126.4 Y94.41
G1 F1125 X126.4 Y125.589 E121.40725
G0 F9000 X128 Y124.41
G1 F1125 X128 Y95.588 E124.85829
G0 F9000 X129.6 Y97.157
G1 F1125 X129.6 Y122.842 E127.93373
G0 F9000 X131.2 Y121.932
G1 F1125 X131.2 Y98.074 E130.7904
G0 F9000 X132.8 Y99.737
G1 F1125 X132.8 Y120.26 E133.24775
G0 F9000 X134.4 Y119.104
G1 F1125 X134.4 Y100.903 E135.42708
G0 F9000 X136 Y102.068
M104 S200
G1 F1125 X136 Y117.93 E137.32634
G1 F2700 E132.32634
G0 F300 X136 Y117.93 Z0.66
G0 F9000 X137.092 Y118.292
G0 X137.686 Y117.376
G0 X138.085 Y116.379
G0 X138.29 Y115.312
G0 X138.314 Y105.084
G0 X138.142 Y103.829
G0 X137.783 Y102.821
G0 X137.473 Y102.295
G0 X137.021 Y101.617
G0 X135.861 Y101.914
M117 Time Left 0h24m32s
M73 P4
;TIME_ELAPSED:70.198863
;LAYER:-5
;TYPE:SUPPORT
G1 F2700 E137.32634
G1 F1125 X135.797 Y101.856 E137.33495
G1 X135.931 Y101.99 E137.35386
G1 X135.948 Y102.008 E137.35633
G1 X136.207 Y102.304 E137.39558
G1 X136.374 Y102.519 E137.42274
G1 X136.53 Y102.75 E137.45056
G1 X136.687 Y103.018 E137.48155
G1 X136.82 Y103.276 E137.51051
G1 X136.923 Y103.515 E137.53648
G1 X137.03 Y103.814 E137.56816
G1 X137.11 Y104.092 E137.59703
G1 X137.166 Y104.354 E137.62376
G1 X137.214 Y104.674 E137.65605
G1 X137.215 Y104.688 E137.65745
G1 X129.857 Y97.33 E138.69574
G1 X129.848 Y97.325 E138.69677
G1 X129.285 Y96.944 E138.7646
G1 X128.774 Y96.491 E138.83274
G1 X128.332 Y95.989 E138.89948
G1 X128.187 Y95.801 E138.92317
G1 X127.929 Y95.508 E138.96212
G1 X127.842 Y95.414 E138.9749
G1 X127.714 Y95.298 E138.99214
G1 X127.354 Y94.989 E139.03948
G1 X127.097 Y94.798 E139.07143
G1 X126.874 Y94.656 E139.09781
G1 X126.617 Y94.513 E139.12715
G1 X126.359 Y94.39 E139.15567
G1 X126.079 Y94.279 E139.18573
G1 X125.821 Y94.195 E139.2128
M73 P5
G1 X125.531 Y94.12 E139.24269
G1 X125.246 Y94.065 E139.27165
G1 X125.167 Y94.055 E139.2796
G1 X137.257 Y106.144 E140.98555
G1 X137.257 Y107.558 E141.12664
G1 X123.698 Y93.999 E143.03997
G1 X122.284 Y93.999 E143.18105
G1 X137.257 Y108.972 E145.29391
G1 X137.257 Y110.387 E145.4351
G1 X120.87 Y93.999 E147.74755
G1 X119.455 Y93.999 E147.88874
G1 X137.257 Y111.801 E150.40079
G1 X137.257 Y113.215 E150.54188
G1 X118.041 Y93.999 E153.25347
G1 X116.627 Y93.999 E153.39456
G1 X137.257 Y114.629 E156.30567
G1 X137.257 Y114.707 E156.31346
G1 X137.253 Y114.832 E156.32593
G1 X137.229 Y115.21 E156.36373
G1 X137.192 Y115.508 E156.39369
G1 X137.136 Y115.792 E156.42257
G1 X137.11 Y115.896 E156.43327
G1 X115.213 Y93.999 E159.52317
G1 X113.798 Y93.999 E159.66436
G1 X136.72 Y116.921 E162.8989
G1 X136.6 Y117.136 E162.92347
G1 X136.461 Y117.356 E162.94944
G1 X136.263 Y117.622 E162.98253
G1 X136.144 Y117.76 E163.00071
G1 X112.384 Y93.999 E166.35357
G1 X110.97 Y93.999 E166.49466
G1 X135.434 Y118.463 E169.9468
M73 P6
G1 X135.238 Y118.617 E169.97167
G1 X135.007 Y118.773 E169.99948
G1 X134.739 Y118.931 E170.03052
G1 X134.571 Y119.015 E170.04926
G1 X109.556 Y93.999 E173.57922
G1 X108.142 Y93.999 E173.72031
G1 X133.668 Y119.526 E177.32238
G1 X133.406 Y119.702 E177.35387
G1 X132.89 Y120.153 E177.42225
G1 X132.886 Y120.158 E177.42289
G1 X106.727 Y93.999 E181.11421
G1 X105.313 Y93.999 E181.2553
G1 X132.241 Y120.927 E185.05513
G1 X131.939 Y121.28 E185.10148
G1 X131.825 Y121.402 E185.11814
G1 X131.729 Y121.49 E185.13114
G1 X131.548 Y121.649 E185.15518
G1 X103.899 Y93.999 E189.05682
G1 X102.485 Y93.999 E189.19791
G1 X130.717 Y122.231 E193.18175
G1 X129.854 Y122.668 E193.27827
G1 X129.785 Y122.714 E193.28654
G1 X101.071 Y93.999 E197.33847
G1 X99.656 Y93.999 E197.47966
G1 X128.979 Y123.322 E201.61745
G1 X128.774 Y123.504 E201.64481
G1 X128.298 Y124.056 E201.71753
G1 X98.242 Y93.999 E205.95883
G1 X96.828 Y93.999 E206.09992
G1 X127.617 Y124.789 E210.44465
G1 X127.436 Y124.947 E210.46862
G1 X127.219 Y125.116 E210.49607
M73 P7
G1 X126.989 Y125.272 E210.5238
G1 X126.799 Y125.384 E210.54581
G1 X95.414 Y93.999 E214.97457
G1 X93.999 Y93.999 E215.11576
G1 X125.806 Y125.806 E219.60407
G1 X125.647 Y125.852 E219.62058
G1 X125.386 Y125.908 E219.64722
G1 X125.065 Y125.956 E219.67961
G1 X124.597 Y125.992 E219.72644
G1 X124.578 Y125.992 E219.72834
G1 X92.585 Y93.999 E224.24289
G1 X91.171 Y93.999 E224.38398
G1 X123.17 Y125.999 E228.89946
G1 X121.756 Y125.999 E229.04055
G1 X89.757 Y93.999 E233.55602
G1 X88.421 Y93.999 E233.68933
G1 X88.345 Y94.002 E233.69692
G1 X120.342 Y125.999 E238.21204
G1 X118.928 Y125.999 E238.35313
G1 X87.099 Y94.17 E242.84455
G1 X86.887 Y94.23 E242.86653
G1 X86.631 Y94.322 E242.89367
G1 X86.361 Y94.438 E242.923
G1 X86.105 Y94.567 E242.9516
G1 X86.09 Y94.576 E242.95335
G1 X117.514 Y125.999 E247.38754
G1 X116.099 Y125.999 E247.52873
G1 X85.262 Y95.162 E251.88016
G1 X85.096 Y95.308 E251.90222
G1 X85.002 Y95.395 E251.915
G1 X84.885 Y95.523 E251.93231
G1 X84.58 Y95.877 E251.97893
M73 P8
G1 X84.572 Y95.886 E251.98013
G1 X114.685 Y125.999 E256.2294
G1 X113.271 Y125.999 E256.37049
G1 X84.033 Y96.761 E260.49629
G1 X83.977 Y96.879 E260.50932
G1 X83.867 Y97.157 E260.53915
G1 X83.782 Y97.415 E260.56626
G1 X83.706 Y97.707 E260.59636
G1 X83.683 Y97.825 E260.60836
G1 X111.857 Y125.999 E264.58402
G1 X110.443 Y125.999 E264.7251
G1 X83.587 Y99.143 E268.51478
G1 X83.587 Y100.557 E268.65587
G1 X109.028 Y125.999 E272.24594
G1 X107.614 Y125.999 E272.38703
G1 X83.587 Y101.971 E275.77757
G1 X83.587 Y103.386 E275.91876
G1 X106.2 Y125.999 E279.10969
G1 X104.786 Y125.999 E279.25078
G1 X83.587 Y104.8 E282.24219
G1 X83.587 Y106.214 E282.38328
G1 X103.371 Y125.999 E285.17509
G1 X101.957 Y125.999 E285.31618
G1 X83.587 Y107.628 E287.90845
G1 X83.587 Y109.042 E288.04954
G1 X100.543 Y125.999 E290.44229
G1 X99.129 Y125.999 E290.58338
G1 X83.587 Y110.457 E292.77652
G1 X83.587 Y111.871 E292.91761
G1 X97.715 Y125.999 E294.91122
G1 X96.3 Y125.999 E295.05241
G1 X83.587 Y113.285 E296.84643
M73 P9
G1 X83.587 Y114.699 E296.98751
G1 X94.886 Y125.999 E298.582
G1 X93.472 Y125.999 E298.72309
G1 X83.587 Y116.114 E300.11797
G1 X83.587 Y117.528 E300.25906
G1 X92.058 Y125.999 E301.45441
G1 X90.644 Y125.999 E301.59549
G1 X83.587 Y118.942 E302.59131
G1 X83.587 Y120.356 E302.7324
G1 X89.229 Y125.999 E303.52862
G1 X88.379 Y125.999 E303.61343
G1 X88.253 Y125.995 E303.62601
G1 X87.877 Y125.971 E303.66361
G1 X87.774 Y125.958 E303.67397
G1 X83.628 Y121.812 E304.25901
G1 X83.63 Y121.825 E304.26032
G1 X83.678 Y122.144 E304.29251
G1 X83.733 Y122.405 E304.31913
G1 X83.817 Y122.698 E304.34954
G1 X83.91 Y122.953 E304.37662
G1 X84.026 Y123.223 E304.40594
G1 X84.156 Y123.481 E304.43477
G1 X84.313 Y123.747 E304.46559
G1 X84.47 Y123.98 E304.49363
G1 X84.637 Y124.195 E304.52079
G1 X84.895 Y124.489 E304.55982
G1 X84.947 Y124.545 E304.56744
G1 X85.018 Y124.616 E304.57746
G1 X84.982 Y124.583 E304.58234
G0 F300 X84.982 Y124.583 Z0.86
G0 F9000 X86.961 Y126
M117 Time Left 0h23m01s
M73 P10
;TIME_ELAPSED:161.228653
;LAYER:-4
;TYPE:SUPPORT-INTERFACE
G1 F1500 X125.857 Y126 E305.87602
G1 X125.984 Y125.964 E305.88041
G1 X126.273 Y125.86 E305.89063
G1 X126.557 Y125.738 E305.90091
G1 X126.812 Y125.609 E305.91041
G1 X126.827 Y125.6 E305.911
G1 X85.999 Y125.6 E307.26894
G1 X85.852 Y125.518 E307.27454
G1 X85.605 Y125.361 E307.28427
G1 X85.388 Y125.2 E307.29326
G1 X127.437 Y125.2 E308.69182
G1 X127.576 Y125.092 E308.69767
G1 X127.862 Y124.841 E308.71033
G1 X127.906 Y124.8 E308.71233
G1 X84.919 Y124.8 E310.14208
G1 X84.84 Y124.727 E310.14566
G1 X84.74 Y124.619 E310.15055
G1 X84.548 Y124.4 E310.16024
G1 X128.269 Y124.4 E311.61441
G1 X128.612 Y124 E311.63193
G1 X84.241 Y124 E313.10772
G1 X84.134 Y123.841 E313.11409
G1 X83.991 Y123.6 E313.12341
G1 X128.967 Y123.6 E314.61932
M73 P11
G1 X129.411 Y123.21 E314.63898
G1 X129.425 Y123.2 E314.63955
G1 X83.796 Y123.2 E316.15717
G1 X83.725 Y123.033 E316.16321
G1 X83.641 Y122.8 E316.17145
G1 X130.034 Y122.8 E317.71449
G1 X130.812 Y122.409 E317.74345
G1 X130.827 Y122.4 E317.74403
G1 X83.526 Y122.4 E319.31727
G1 X83.48 Y122.185 E319.32458
G1 X83.452 Y122 E319.3308
G1 X131.438 Y122 E320.92682
G1 X131.577 Y121.892 E320.93268
G1 X131.863 Y121.641 E320.94533
G1 X131.907 Y121.6 E320.94733
G1 X83.41 Y121.6 E322.56035
G1 X83.393 Y121.372 E322.56795
G1 X83.386 Y121.2 E322.57368
G1 X132.27 Y121.2 E324.19957
G1 X132.402 Y121.046 E324.20631
G1 X132.522 Y120.885 E324.21299
G1 X132.595 Y120.8 E324.21672
G1 X83.386 Y120.8 E325.85342
G1 X83.386 Y120.4 E325.86672
G1 X132.942 Y120.4 E327.51496
M73 P12
G1 X133.033 Y120.295 E327.51958
G1 X133.37 Y120 E327.53448
G1 X83.386 Y120 E329.19695
G1 X83.386 Y119.6 E329.21026
G1 X133.917 Y119.6 E330.89093
G1 X134.074 Y119.495 E330.89721
G1 X134.224 Y119.417 E330.90283
G1 X134.651 Y119.2 E330.91876
G1 X83.386 Y119.2 E332.62384
G1 X83.387 Y118.8 E332.63715
G1 X135.323 Y118.8 E334.36455
G1 X135.359 Y118.776 E334.36598
G1 X135.595 Y118.592 E334.37594
G1 X135.813 Y118.4 E334.3856
G1 X83.387 Y118.4 E336.1293
G1 X83.387 Y118 E336.1426
G1 X136.202 Y118 E337.89923
G1 X136.421 Y117.746 E337.91039
G1 X136.529 Y117.6 E337.91643
G1 X83.387 Y117.6 E339.68394
G1 X83.387 Y117.2 E339.69724
G1 X136.795 Y117.2 E341.4736
G1 X136.915 Y116.984 E341.48182
G1 X137.001 Y116.8 E341.48857
G1 X83.387 Y116.8 E343.27178
G1 X83.387 Y116.4 E343.28509
M73 P13
G1 X137.168 Y116.4 E345.07385
G1 X137.257 Y116.129 E345.08334
G1 X137.29 Y116 E345.08777
G1 X83.387 Y116 E346.88059
G1 X83.387 Y115.6 E346.89389
G1 X137.379 Y115.6 E348.68967
G1 X137.392 Y115.533 E348.69194
G1 X137.429 Y115.236 E348.7019
G1 X137.431 Y115.2 E348.7031
G1 X83.387 Y115.2 E350.50061
G1 X83.387 Y114.8 E350.51391
G1 X137.455 Y114.8 E352.31222
G1 X137.458 Y114.713 E352.31511
G1 X137.458 Y114.4 E352.32553
G1 X83.387 Y114.4 E354.12393
G1 X83.387 Y114 E354.13724
G1 X137.458 Y114 E355.93565
G1 X137.458 Y113.6 E355.94895
G1 X83.387 Y113.6 E357.74736
G1 X83.387 Y113.2 E357.76066
G1 X137.458 Y113.2 E359.55907
G1 X137.458 Y112.8 E359.57238
G1 X83.387 Y112.8 E361.37079
G1 X83.387 Y112.4 E361.38409
G1 X137.458 Y112.4 E363.1825
M73 P14
G1 X137.458 Y112 E363.1958
G1 X83.387 Y112 E364.99421
G1 X83.387 Y111.6 E365.00751
G1 X137.458 Y111.6 E366.80592
G1 X137.458 Y111.2 E366.81923
G1 X83.387 Y111.2 E368.61764
G1 X83.387 Y110.8 E368.63094
G1 X137.458 Y110.8 E370.42935
G1 X137.458 Y110.4 E370.44265
G1 X83.387 Y110.4 E372.24106
G1 X83.387 Y110 E372.25437
G1 X137.458 Y110 E374.05277
G1 X137.458 Y109.6 E374.06608
G1 X83.387 Y109.6 E375.86449
G1 X83.387 Y109.2 E375.87779
G1 X137.458 Y109.2 E377.6762
G1 X137.458 Y108.8 E377.6895
G1 X83.387 Y108.8 E379.48791
G1 X83.387 Y108.4 E379.50122
G1 X137.458 Y108.4 E381.29963
G1 X137.458 Y108 E381.31293
G1 X83.387 Y108 E383.11134
G1 X83.387 Y107.6 E383.12464
G1 X137.458 Y107.6 E384.92305
G1 X137.458 Y107.2 E384.93636
G1 X83.387 Y107.2 E386.73476
M73 P15
G1 X83.387 Y106.8 E386.74807
G1 X137.458 Y106.8 E388.54648
G1 X137.458 Y106.4 E388.55978
G1 X83.387 Y106.4 E390.35819
G1 X83.387 Y106 E390.37149
G1 X137.458 Y106 E392.1699
G1 X137.458 Y105.6 E392.18321
G1 X83.387 Y105.6 E393.98162
G1 X83.387 Y105.2 E393.99492
G1 X137.454 Y105.2 E395.7932
G1 X137.451 Y105.127 E395.79563
G1 X137.427 Y104.8 E395.80653
G1 X83.387 Y104.8 E397.60391
G1 X83.387 Y104.4 E397.61721
G1 X137.377 Y104.4 E399.41293
G1 X137.364 Y104.313 E399.41585
G1 X137.303 Y104.033 E399.42538
G1 X137.294 Y104 E399.42652
G1 X83.387 Y104 E401.21948
G1 X83.387 Y103.6 E401.23278
G1 X137.168 Y103.6 E403.02154
G1 X137.117 Y103.459 E403.02653
G1 X137.006 Y103.2 E403.0359
G1 X83.387 Y103.2 E404.81928
G1 X83.387 Y102.8 E404.83258
M73 P16
G1 X136.794 Y102.8 E406.60891
G1 X136.71 Y102.658 E406.61439
G1 X136.537 Y102.4 E406.62473
G1 X83.387 Y102.4 E408.3925
G1 X83.387 Y102 E408.40581
G1 X136.209 Y102 E410.16267
G1 X136.1 Y101.876 E410.16816
G1 X136.004 Y101.772 E410.17287
G1 X135.865 Y101.645 E410.17913
G1 X135.813 Y101.6 E410.18142
G1 X83.387 Y101.6 E411.92512
G1 X83.387 Y101.2 E411.93842
G1 X135.323 Y101.2 E413.66582
G1 X135.239 Y101.138 E413.66929
G1 X134.991 Y100.98 E413.67907
G1 X134.741 Y100.841 E413.68859
G1 X134.655 Y100.8 E413.69175
G1 X83.387 Y100.8 E415.39693
G1 X83.387 Y100.4 E415.41024
G1 X133.924 Y100.4 E417.09111
G1 X133.525 Y100.13 E417.10713
G1 X133.377 Y100 E417.11368
G1 X83.387 Y100 E418.77636
G1 X83.387 Y99.6 E418.78966
G1 X132.947 Y99.6 E420.43803
G1 X132.602 Y99.208 E420.4554
M73 P17
G1 X132.596 Y99.2 E420.45573
G1 X83.387 Y99.2 E422.09243
G1 X83.387 Y98.8 E422.10574
G1 X132.28 Y98.8 E423.73192
G1 X132.082 Y98.576 E423.74187
G1 X131.986 Y98.472 E423.74657
G1 X131.908 Y98.4 E423.7501
G1 X83.408 Y98.4 E425.36322
G1 X83.416 Y98.263 E425.36779
G1 X83.449 Y98 E425.3766
G1 X131.439 Y98 E426.97276
G1 X131.221 Y97.838 E426.98179
G1 X130.974 Y97.681 E426.99152
G1 X130.829 Y97.6 E426.99705
G1 X83.528 Y97.6 E428.57029
G1 X83.588 Y97.37 E428.57819
G1 X83.644 Y97.2 E428.58414
G1 X130.042 Y97.2 E430.12735
G1 X129.953 Y97.153 E430.1307
G1 X129.434 Y96.8 E430.15157
G1 X83.796 Y96.8 E431.6695
G1 X83.931 Y96.514 E431.68002
G1 X83.995 Y96.4 E431.68436
G1 X128.974 Y96.4 E433.18037
G1 X128.917 Y96.35 E433.18289
M73 P18
G1 X128.61 Y96 E433.19838
G1 X84.241 Y96 E434.6741
G1 X84.424 Y95.753 E434.68432
G1 X84.556 Y95.6 E434.69104
G1 X128.279 Y95.6 E436.14528
G1 X128.082 Y95.376 E436.1552
G1 X127.986 Y95.272 E436.15991
G1 X127.908 Y95.2 E436.16344
G1 X84.919 Y95.2 E437.59326
G1 X84.964 Y95.158 E437.5953
G1 X85.25 Y94.907 E437.60796
G1 X85.388 Y94.8 E437.61377
G1 X127.438 Y94.8 E439.01236
G1 X127.207 Y94.63 E439.0219
G1 X126.973 Y94.48 E439.03114
G1 X126.829 Y94.4 E439.03662
G1 X85.998 Y94.4 E440.39466
G1 X86.014 Y94.39 E440.39529
G1 X86.269 Y94.261 E440.4048
G1 X86.554 Y94.139 E440.41511
G1 X86.842 Y94.035 E440.42529
G1 X86.966 Y94 E440.42958
G1 X87.127 Y93.954 E440.43515
G1 X87.401 Y93.894 E440.44448
G1 X87.743 Y93.843 E440.45598
G1 X88.215 Y93.807 E440.47172
M73 P19
G1 X88.414 Y93.8 E440.47834
G1 X124.454 Y93.799 E441.67704
G1 X124.573 Y93.803 E441.681
G1 X124.977 Y93.828 E441.69446
G1 X125.28 Y93.866 E441.70462
G1 X125.575 Y93.923 E441.71461
G1 X125.87 Y94 E441.72475
G1 X86.966 Y94 E443.0187
G1 F2700 E438.0187
G0 F9000 X86.728 Y93.17
G0 X85.593 Y93.635
G0 X84.704 Y94.237
G0 X84.085 Y94.822
G0 X83.325 Y95.825
G0 X82.87 Y96.785
G0 X82.6 Y97.824
G0 X82.523 Y98.77
G0 X82.531 Y121.416
G0 X82.703 Y122.67
G0 X83.061 Y123.678
G0 X83.61 Y124.608
G0 X84.409 Y125.502
G0 X85.412 Y126.262
G0 X86.189 Y126.63
G0 X87.032 Y126.912
M73 P20
G0 X87.251 Y126.076
G1 F2700 E443.0187
G1 F1500 X87.546 Y126.133 E443.0287
G1 X87.849 Y126.171 E443.03885
G1 X88.253 Y126.196 E443.05232
G1 X88.372 Y126.2 E443.05628
G1 X124.412 Y126.199 E444.25497
G1 X124.611 Y126.192 E444.2616
G1 X125.083 Y126.156 E444.27734
G1 X125.425 Y126.105 E444.28884
G1 X125.699 Y126.045 E444.29817
G1 X125.857 Y126 E444.30363
G1 F2700 E439.30363
G0 F300 X125.857 Y126 Z1.06
G0 F9000 X125.911 Y126.884
G0 X124.656 Y127.056
G0 X87.775 Y127.032
G0 X86.708 Y126.827
G0 X85.711 Y126.428
G0 X84.795 Y125.834
G0 X84.102 Y125.2
G0 X83.407 Y124.308
G0 X83.134 Y123.769
G0 X82.8 Y123.013
G0 X83.599 Y122.666
M117 Time Left 0h20m08s
M73 P21
;TIME_ELAPSED:334.809175
;LAYER:-3
;TYPE:SUPPORT-INTERFACE
G1 F2700 E444.30363
G1 F1500 X83.62 Y122.74 E444.30619
G1 X83.725 Y123.032 E444.31651
G1 X83.847 Y123.317 E444.32682
G1 X83.976 Y123.572 E444.33633
G1 X83.999 Y123.611 E444.33783
G1 X83.999 Y96.388 E445.24328
G1 X84.064 Y96.271 E445.24773
G1 X84.225 Y96.018 E445.2577
G1 X84.399 Y95.784 E445.2674
G1 X84.399 Y124.215 E446.21302
G1 X84.493 Y124.336 E446.21812
G1 X84.74 Y124.618 E446.23058
G1 X84.799 Y124.681 E446.23345
G1 X84.799 Y95.318 E447.21007
G1 X84.859 Y95.253 E447.21301
G1 X84.963 Y95.157 E447.21772
G1 X85.199 Y94.949 E447.22818
G1 X85.199 Y125.041 E448.22905
G1 X85.339 Y125.162 E448.2352
G1 X85.599 Y125.355 E448.24597
G1 X85.599 Y94.645 E449.26739
G1 X85.745 Y94.547 E449.27324
G1 X85.999 Y94.397 E449.28305
G1 X85.999 Y125.598 E450.3208
G1 X86.1 Y125.655 E450.32466
G1 X86.399 Y125.797 E450.33567
G1 X86.399 Y94.203 E451.38649
G1 X86.553 Y94.138 E451.39205
G1 X86.799 Y94.049 E451.40075
G1 X86.799 Y125.946 E452.46165
G1 X86.954 Y125.997 E452.46707
M73 P22
G1 X87.199 Y126.061 E452.4755
G1 X87.199 Y93.937 E453.54394
G1 X87.4 Y93.893 E453.55079
G1 X87.599 Y93.863 E453.55748
G1 X87.599 Y126.138 E454.63095
G1 X87.849 Y126.17 E454.63934
G1 X87.999 Y126.179 E454.64433
G1 X87.999 Y93.822 E455.72053
G1 X88.214 Y93.806 E455.7277
G1 X88.399 Y93.799 E455.73386
G1 X88.399 Y126.199 E456.81149
G1 X88.799 Y126.199 E456.82479
G1 X88.799 Y93.799 E457.90242
G1 X89.199 Y93.799 E457.91573
G1 X89.199 Y126.199 E458.99335
G1 X89.599 Y126.199 E459.00666
G1 X89.599 Y93.799 E460.08429
G1 X89.999 Y93.799 E460.09759
G1 X89.999 Y126.199 E461.17522
G1 X90.399 Y126.199 E461.18852
G1 X90.399 Y93.799 E462.26615
G1 X90.799 Y93.799 E462.27945
G1 X90.799 Y126.199 E463.35708
G1 X91.199 Y126.199 E463.37039
G1 X91.199 Y93.799 E464.44802
G1 X91.599 Y93.799 E464.46132
G1 X91.599 Y126.199 E465.53895
G1 X91.999 Y126.199 E465.55225
G1 X91.999 Y93.799 E466.62988
G1 X92.399 Y93.799 E466.64318
G1 X92.399 Y126.199 E467.72081
G1 X92.799 Y126.199 E467.73412
G1 X92.799 Y93.799 E468.81175
M73 P23
G1 X93.199 Y93.799 E468.82505
G1 X93.199 Y126.199 E469.90268
G1 X93.599 Y126.199 E469.91598
G1 X93.599 Y93.799 E470.99361
G1 X93.999 Y93.799 E471.00691
G1 X93.999 Y126.199 E472.08454
G1 X94.399 Y126.199 E472.09785
G1 X94.399 Y93.799 E473.17548
G1 X94.799 Y93.799 E473.18878
G1 X94.799 Y126.199 E474.26641
G1 X95.199 Y126.199 E474.27971
G1 X95.199 Y93.799 E475.35734
G1 X95.599 Y93.799 E475.37064
G1 X95.599 Y126.199 E476.44827
G1 X95.999 Y126.199 E476.46158
G1 X95.999 Y93.799 E477.5392
G1 X96.399 Y93.799 E477.55251
G1 X96.399 Y126.199 E478.63014
G1 X96.799 Y126.199 E478.64344
G1 X96.799 Y93.799 E479.72107
G1 X97.199 Y93.799 E479.73437
G1 X97.199 Y126.199 E480.812
G1 X97.599 Y126.199 E480.82531
G1 X97.599 Y93.799 E481.90293
G1 X97.999 Y93.799 E481.91624
G1 X97.999 Y126.199 E482.99387
G1 X98.399 Y126.199 E483.00717
G1 X98.399 Y93.799 E484.0848
G1 X98.799 Y93.799 E484.0981
G1 X98.799 Y126.199 E485.17573
G1 X99.199 Y126.199 E485.18904
G1 X99.199 Y93.799 E486.26666
G1 X99.599 Y93.799 E486.27997
G1 X99.599 Y126.199 E487.3576
M73 P24
G1 X99.999 Y126.199 E487.3709
G1 X99.999 Y93.799 E488.44853
G1 X100.399 Y93.799 E488.46183
G1 X100.399 Y126.199 E489.53946
G1 X100.799 Y126.199 E489.55277
G1 X100.799 Y93.799 E490.63039
G1 X101.199 Y93.799 E490.6437
G1 X101.199 Y126.199 E491.72133
G1 X101.599 Y126.199 E491.73463
G1 X101.599 Y93.799 E492.81226
G1 X101.999 Y93.799 E492.82556
G1 X101.999 Y126.199 E493.90319
G1 X102.399 Y126.199 E493.9165
G1 X102.399 Y93.799 E494.99412
G1 X102.799 Y93.799 E495.00743
G1 X102.799 Y126.199 E496.08506
G1 X103.199 Y126.199 E496.09836
G1 X103.199 Y93.799 E497.17599
G1 X103.599 Y93.799 E497.18929
G1 X103.599 Y126.199 E498.26692
G1 X103.999 Y126.199 E498.28022
G1 X103.999 Y93.799 E499.35785
G1 X104.399 Y93.799 E499.37116
G1 X104.399 Y126.199 E500.44879
G1 X104.799 Y126.199 E500.46209
G1 X104.799 Y93.799 E501.53972
G1 X105.199 Y93.799 E501.55302
G1 X105.199 Y126.199 E502.63065
G1 X105.599 Y126.199 E502.64395
G1 X105.599 Y93.799 E503.72158
G1 X105.999 Y93.799 E503.73489
G1 X105.999 Y126.199 E504.81252
G1 X106.399 Y126.199 E504.82582
M73 P25
G1 X106.399 Y93.799 E505.90345
G1 X106.799 Y93.799 E505.91675
G1 X106.799 Y126.199 E506.99438
G1 X107.199 Y126.199 E507.00768
G1 X107.199 Y93.799 E508.08531
G1 X107.599 Y93.799 E508.09862
G1 X107.599 Y126.199 E509.17625
G1 X107.999 Y126.199 E509.18955
G1 X107.999 Y93.799 E510.26718
G1 X108.399 Y93.799 E510.28048
G1 X108.399 Y126.199 E511.35811
G1 X108.799 Y126.199 E511.37141
G1 X108.799 Y93.799 E512.44904
G1 X109.199 Y93.799 E512.46235
G1 X109.199 Y126.199 E513.53997
G1 X109.599 Y126.199 E513.55328
G1 X109.599 Y93.799 E514.63091
G1 X109.999 Y93.799 E514.64421
G1 X109.999 Y126.199 E515.72184
G1 X110.399 Y126.199 E515.73514
G1 X110.399 Y93.799 E516.81277
G1 X110.799 Y93.799 E516.82608
G1 X110.799 Y126.199 E517.9037
G1 X111.199 Y126.199 E517.91701
G1 X111.199 Y93.799 E518.99464
G1 X111.599 Y93.799 E519.00794
G1 X111.599 Y126.199 E520.08557
G1 X111.999 Y126.199 E520.09887
G1 X111.999 Y93.799 E521.1765
G1 X112.399 Y93.799 E521.18981
G1 X112.399 Y126.199 E522.26743
G1 X112.799 Y126.199 E522.28074
G1 X112.799 Y93.799 E523.35837
G1 X113.199 Y93.799 E523.37167
M73 P26
G1 X113.199 Y126.199 E524.4493
G1 X113.599 Y126.199 E524.4626
G1 X113.599 Y93.799 E525.54023
G1 X113.999 Y93.799 E525.55354
G1 X113.999 Y126.199 E526.63116
G1 X114.399 Y126.199 E526.64447
G1 X114.399 Y93.799 E527.7221
G1 X114.799 Y93.799 E527.7354
G1 X114.799 Y126.199 E528.81303
G1 X115.199 Y126.199 E528.82633
G1 X115.199 Y93.799 E529.90396
G1 X115.599 Y93.799 E529.91727
G1 X115.599 Y126.199 E530.99489
G1 X115.999 Y126.199 E531.0082
G1 X115.999 Y93.799 E532.08583
G1 X116.399 Y93.799 E532.09913
G1 X116.399 Y126.199 E533.17676
G1 X116.799 Y126.199 E533.19006
G1 X116.799 Y93.799 E534.26769
G1 X117.199 Y93.799 E534.281
G1 X117.199 Y126.199 E535.35862
G1 X117.599 Y126.199 E535.37193
G1 X117.599 Y93.799 E536.44956
G1 X117.999 Y93.799 E536.46286
G1 X117.999 Y126.199 E537.54049
G1 X118.399 Y126.199 E537.55379
G1 X118.399 Y93.799 E538.63142
G1 X118.799 Y93.799 E538.64472
G1 X118.799 Y126.199 E539.72235
G1 X119.199 Y126.199 E539.73566
G1 X119.199 Y93.799 E540.81329
G1 X119.599 Y93.799 E540.82659
G1 X119.599 Y126.199 E541.90422
M73 P27
G1 X119.999 Y126.199 E541.91752
G1 X119.999 Y93.799 E542.99515
G1 X120.399 Y93.799 E543.00845
G1 X120.399 Y126.199 E544.08608
G1 X120.799 Y126.199 E544.09939
G1 X120.799 Y93.799 E545.17702
G1 X121.199 Y93.799 E545.19032
G1 X121.199 Y126.199 E546.26795
G1 X121.599 Y126.199 E546.28125
G1 X121.599 Y93.799 E547.35888
G1 X121.999 Y93.799 E547.37218
G1 X121.999 Y126.199 E548.44981
G1 X122.399 Y126.199 E548.46312
G1 X122.399 Y93.799 E549.54075
G1 X122.799 Y93.799 E549.55405
G1 X122.799 Y126.199 E550.63168
G1 X123.199 Y126.199 E550.64498
G1 X123.199 Y93.799 E551.72261
G1 X123.599 Y93.799 E551.73591
G1 X123.599 Y126.199 E552.81354
G1 X123.999 Y126.199 E552.82685
G1 X123.999 Y93.799 E553.90447
G1 X124.399 Y93.799 E553.91778
G1 X124.399 Y126.199 E554.99541
G1 X124.412 Y126.199 E554.99584
G1 X124.611 Y126.192 E555.00246
G1 X124.799 Y126.178 E555.00873
G1 X124.799 Y93.818 E556.08503
G1 X124.976 Y93.828 E556.09093
G1 X125.199 Y93.856 E556.0984
G1 X125.199 Y126.139 E557.17214
G1 X125.425 Y126.105 E557.17974
G1 X125.599 Y126.067 E557.18566
M73 P28
G1 X125.599 Y93.93 E558.25455
G1 X125.869 Y94 E558.26382
G1 X125.999 Y94.043 E558.26838
G1 X125.999 Y125.959 E559.32991
G1 X126.273 Y125.86 E559.3396
G1 X126.399 Y125.806 E559.34416
G1 X126.399 Y94.191 E560.39568
G1 X126.424 Y94.2 E560.39656
G1 X126.725 Y94.343 E560.40764
G1 X126.799 Y94.385 E560.41047
G1 X126.799 Y125.616 E561.44922
G1 X126.812 Y125.609 E561.44971
G1 X127.081 Y125.45 E561.4601
G1 X127.199 Y125.371 E561.46483
G1 X127.199 Y94.626 E562.48741
G1 X127.206 Y94.63 E562.48768
G1 X127.493 Y94.842 E562.49955
G1 X127.599 Y94.933 E562.50419
G1 X127.599 Y125.072 E563.50662
G1 X127.862 Y124.841 E563.51826
G1 X127.962 Y124.748 E563.5228
G1 X127.999 Y124.708 E563.52462
G1 X127.999 Y95.288 E564.50313
G1 X128.081 Y95.376 E564.50713
G1 X128.33 Y95.66 E564.51969
G1 X128.399 Y95.749 E564.52344
G1 X128.399 Y124.249 E565.47135
G1 X128.799 Y123.782 E565.4918
G1 X128.799 Y96.217 E566.40862
G1 X128.916 Y96.35 E566.41451
G1 X129.199 Y96.6 E566.42707
G1 X129.199 Y123.397 E567.31834
G1 X129.411 Y123.21 E567.32774
G1 X129.599 Y123.083 E567.33529
M73 P29
G1 X129.599 Y96.914 E568.20567
G1 X129.952 Y97.153 E568.21985
G1 X129.999 Y97.178 E568.22162
G1 X129.999 Y122.818 E569.07441
G1 X130.399 Y122.617 E569.0893
G1 X130.399 Y97.389 E569.92839
G1 X130.719 Y97.54 E569.94016
G1 X130.799 Y97.585 E569.94321
G1 X130.799 Y122.416 E570.76909
G1 X130.812 Y122.409 E570.76958
G1 X131.081 Y122.25 E570.77998
G1 X131.199 Y122.171 E570.7847
G1 X131.2 Y97.825 E571.59445
G1 X131.221 Y97.838 E571.59527
G1 X131.487 Y98.036 E571.6063
G1 X131.6 Y98.133 E571.61126
G1 X131.599 Y121.872 E572.40082
G1 X131.862 Y121.641 E572.41246
G1 X131.962 Y121.548 E572.417
G1 X131.999 Y121.508 E572.41882
G1 X132 Y98.488 E573.18446
G1 X132.082 Y98.576 E573.18846
G1 X132.34 Y98.869 E573.20145
G1 X132.4 Y98.947 E573.20472
G1 X132.399 Y121.049 E573.93984
G0 F9000 X132.401 Y121.046
G1 F1500 X132.521 Y120.885 E573.94652
G1 X132.799 Y120.565 E573.96061
G1 X132.8 Y99.434 E574.66343
G1 X133.032 Y99.697 E574.6751
G1 X133.2 Y99.845 E574.68255
G1 X133.199 Y120.149 E575.35786
G1 X133.528 Y119.861 E575.3724
M73 P30
G1 X133.599 Y119.814 E575.37523
G1 X133.6 Y100.181 E576.02823
G1 X134 Y100.453 E576.04432
G1 X133.999 Y119.545 E576.67932
G1 X134.073 Y119.495 E576.68229
G1 X134.223 Y119.417 E576.68792
G1 X134.399 Y119.328 E576.69448
G1 X134.4 Y100.676 E577.31484
G1 X134.473 Y100.714 E577.31758
G1 X134.741 Y100.841 E577.32744
G1 X134.8 Y100.874 E577.32969
G1 X134.799 Y119.125 E577.93672
G1 X134.83 Y119.109 E577.93788
G1 X135.099 Y118.95 E577.94828
G1 X135.199 Y118.883 E577.95228
G1 X135.2 Y101.114 E578.54328
G1 X135.239 Y101.138 E578.5448
G1 X135.505 Y101.336 E578.55583
G1 X135.6 Y101.418 E578.56001
G1 X135.6 Y118.588 E579.13108
G1 X135.881 Y118.341 E579.14353
G1 X135.985 Y118.245 E579.14823
G1 X136 Y118.229 E579.14896
G1 X136 Y101.769 E579.69642
G1 X136.004 Y101.772 E579.69659
G1 X136.1 Y101.876 E579.7013
G1 X136.351 Y102.162 E579.71395
G1 X136.4 Y102.225 E579.71661
G1 X136.4 Y117.771 E580.23367
G1 X136.421 Y117.746 E580.23476
G1 X136.619 Y117.48 E580.24579
G1 X136.78 Y117.227 E580.25576
G1 X136.8 Y117.191 E580.25713
G1 X136.8 Y102.811 E580.73541
M73 P31
G1 X136.868 Y102.926 E580.73985
G1 X136.997 Y103.181 E580.74936
G1 X137.117 Y103.459 E580.75943
G1 X137.2 Y103.69 E580.76759
G1 X137.2 Y116.304 E581.18714
G0 F9000 X137.257 Y116.129
G1 F1500 X137.334 Y115.834 E581.19728
G1 X137.392 Y115.533 E581.20747
G1 X137.429 Y115.236 E581.21743
G1 X137.454 Y114.832 E581.23089
G1 X137.458 Y114.713 E581.23485
G1 X137.458 Y105.319 E581.5473
G1 X137.451 Y105.127 E581.55369
G1 X137.415 Y104.655 E581.56943
G1 X137.364 Y104.313 E581.58093
G1 X137.303 Y104.033 E581.59046
G1 X137.22 Y103.745 E581.60043
G1 X137.2 Y103.69 E581.60238
G1 F2700 E576.60238
G0 F9000 X138.013 Y103.399
G0 X137.623 Y102.506
G0 X137.021 Y101.617
G0 X136.436 Y100.998
G0 X131.705 Y97.123
G0 X127.699 Y93.92
G0 X126.773 Y93.41
G0 X125.765 Y93.08
G0 X124.47 Y92.936
G0 X88.171 Y92.944
G0 X86.916 Y93.116
G0 X85.909 Y93.474
G0 X84.979 Y94.023
G0 X84.085 Y94.822
M73 P32
G0 X83.325 Y95.825
G0 X83.197 Y96.096
G0 X82.778 Y97.065
G0 X83.599 Y97.332
G1 F2700 E581.60238
G1 F1500 X83.599 Y122.666 E582.44499
G1 X83.538 Y122.452 E582.45239
G1 X83.48 Y122.184 E582.46151
G1 X83.429 Y121.843 E582.47298
G1 X83.393 Y121.371 E582.48872
G1 X83.386 Y121.179 E582.49511
G1 X83.386 Y98.785 E583.23994
G1 X83.39 Y98.666 E583.2439
G1 X83.415 Y98.262 E583.25737
G1 X83.452 Y97.965 E583.26732
G1 X83.511 Y97.658 E583.27772
G1 X83.587 Y97.369 E583.28766
G1 F2700 E578.28766
G0 F300 X83.587 Y97.369 Z1.285
G0 F9000 X82.766 Y97.102
G0 X83.159 Y96.124
G0 X83.753 Y95.208
G0 X84.387 Y94.515
G0 X85.279 Y93.82
G0 X86.232 Y93.336
G0 X87.252 Y93.042
G0 X88.396 Y92.936
G0 X125.052 Y92.968
G0 X126.119 Y93.173
G0 X127.116 Y93.572
G0 X128.031 Y94.165
G0 X130.338 Y96.371
G0 X124.053 Y105.6
M117 Time Left 0h17m12s
M73 P33
;TIME_ELAPSED:510.732776
;LAYER:-2
;TYPE:SUPPORT
G1 F2700 E583.28766
G1 F653.1 X125.091 Y105.6 E583.3265
G1 X125.092 Y114.4 E583.65577
G1 X124.053 Y114.4 E583.69465
G1 X124.053 Y105.6 E584.02392
G0 F9000 X124.453 Y106
G1 F653.1 X124.691 Y106 E584.03283
G1 X124.692 Y114 E584.33217
G1 X124.453 Y114 E584.34111
G1 X124.453 Y106 E584.64045
G1 F2700 E579.64045
G0 F9000 X124.453 Y104.735
G0 X128.4 Y104.476
G0 X131.08 Y104.435
G0 X131.08 Y105.3
G1 F2700 E584.64045
G1 F653.1 X132.458 Y105.3 E584.69202
G1 X132.458 Y114.7 E585.04374
G1 X131.081 Y114.7 E585.09527
G1 X131.08 Y105.3 E585.44699
G0 F9000 X131.48 Y105.7
G1 F653.1 X132.058 Y105.7 E585.46862
G1 X132.058 Y114.3 E585.79041
G1 X131.481 Y114.3 E585.812
G1 X131.48 Y105.7 E586.13379
G0 F9000 X131.56 Y108
G1 F653.1 X131.978 Y108 E586.14943
G1 F2700 E581.14943
G0 F9000 X133.323 Y108
G0 X133.323 Y112
G0 X131.978 Y112
G1 F2700 E586.14943
G1 F653.1 X131.56 Y112 E586.16507
G0 F9000 X130.88 Y110.515
;TYPE:SUPPORT-INTERFACE
G1 F653.1 X129.491 Y109.126 E586.23857
G0 F9000 X129.491 Y108.096
G1 F653.1 X130.879 Y106.708 E586.31202
G0 F9000 X130.88 Y107.121
G1 F653.1 X129.491 Y105.732 E586.38552
G1 F2700 E581.38552
G0 F9000 X128.828 Y105.733
G0 X127.345 Y106.314
G0 X126.68 Y106.315
G1 F2700 E586.38552
G1 F653.1 X125.764 Y105.399 E586.434
G0 F9000 X125.399 Y105.399
G1 F653.1 X125.291 Y105.508 E586.43974
G0 F9000 X126.679 Y107.514
G1 F653.1 X125.291 Y108.902 E586.51319
G0 F9000 X125.29 Y108.32
G1 F653.1 X126.68 Y109.709 E586.58671
G0 F9000 X126.679 Y110.908
G1 F653.1 X125.291 Y112.296 E586.66016
G0 F9000 X125.29 Y111.714
G1 F653.1 X126.68 Y113.103 E586.73369
G0 F9000 X126.679 Y114.302
G1 F653.1 X126.381 Y114.6 E586.74946
G1 F2700 E581.74946
G0 F9000 X127.345 Y114.599
G0 X128.828 Y114.885
G0 X129.491 Y114.884
G1 F2700 E586.74946
G1 F653.1 X130.879 Y113.496 E586.82291
G0 F9000 X130.88 Y113.909
G1 F653.1 X129.491 Y112.52 E586.89641
G0 F9000 X129.491 Y111.49
G1 F653.1 X130.879 Y110.102 E586.96986
G1 F2700 E581.96986
G0 F300 X130.879 Y110.102 Z1.51
G0 F9000 X128.828 Y110.103
G0 X127.333 Y104.747
G0 X124.053 Y104.735
G0 X124.053 Y105.6
M117 Time Left 0h16m58s
;TIME_ELAPSED:524.303962
;LAYER:-1
;TYPE:SUPPORT
G1 F2700 E586.96986
G1 F637.5 X125.091 Y105.6 E587.00869
G1 X125.092 Y114.4 E587.33797
G1 X124.053 Y114.4 E587.37685
G1 X124.053 Y105.6 E587.70612
G0 F9000 X124.453 Y106
G1 F637.5 X124.691 Y106 E587.71503
G1 X124.692 Y114 E588.01437
G1 X124.453 Y114 E588.02331
G1 X124.453 Y106 E588.32265
G1 F2700 E583.32265
G0 F9000 X124.453 Y104.735
G0 X128.4 Y104.476
G0 X131.08 Y104.435
G0 X131.08 Y105.3
G1 F2700 E588.32265
G1 F637.5 X132.458 Y105.3 E588.37421
G1 X132.458 Y114.7 E588.72594
G1 X131.081 Y114.7 E588.77746
G1 X131.08 Y105.3 E589.12919
G0 F9000 X131.48 Y105.7
G1 F637.5 X132.058 Y105.7 E589.15082
G1 X132.058 Y114.3 E589.47261
G1 X131.481 Y114.3 E589.4942
G1 X131.48 Y105.7 E589.81599
G0 F9000 X131.56 Y108
G1 F637.5 X131.978 Y108 E589.83163
G1 F2700 E584.83163
G0 F9000 X133.323 Y108
G0 X133.323 Y112
G0 X131.978 Y112
G1 F2700 E589.83163
G1 F637.5 X131.56 Y112 E589.84727
G0 F9000 X130.88 Y110.515
;TYPE:SUPPORT-INTERFACE
G1 F637.5 X129.491 Y109.126 E589.92077
G0 F9000 X129.491 Y108.096
G1 F637.5 X130.879 Y106.708 E589.99422
G0 F9000 X130.88 Y107.121
G1 F637.5 X129.491 Y105.732 E590.06772
G1 F2700 E585.06772
G0 F9000 X128.828 Y105.733
G0 X127.345 Y106.314
G0 X126.68 Y106.315
G1 F2700 E590.06772
G1 F637.5 X125.764 Y105.399 E590.11619
G0 F9000 X125.399 Y105.399
G1 F637.5 X125.291 Y105.508 E590.12194
G0 F9000 X126.679 Y107.514
G1 F637.5 X125.291 Y108.902 E590.19538
G0 F9000 X125.29 Y108.32
G1 F637.5 X126.68 Y109.709 E590.26891
G0 F9000 X126.679 Y110.908
G1 F637.5 X125.291 Y112.296 E590.34236
G0 F9000 X125.29 Y111.714
G1 F637.5 X126.68 Y113.103 E590.41589
G0 F9000 X126.679 Y114.302
G1 F637.5 X126.381 Y114.6 E590.43166
G1 F2700 E585.43166
G0 F9000 X127.345 Y114.599
G0 X128.828 Y114.885
G0 X129.491 Y114.884
G1 F2700 E590.43166
G1 F637.5 X130.879 Y113.496 E590.5051
G0 F9000 X130.88 Y113.909
G1 F637.5 X129.491 Y112.52 E590.57861
G0 F9000 X129.491 Y111.49
G1 F637.5 X130.879 Y110.102 E590.65205
G1 F2700 E585.65205
G0 F300 X130.879 Y110.102 Z1.66
G0 F9000 X128.828 Y110.103
G0 X127.334 Y115.253
G0 X124.44 Y121.2
M117 Time Left 0h16m45s
M73 P34
;TIME_ELAPSED:537.985040
;LAYER:0
;TYPE:WALL-OUTER
;MESH:Over_Center_Mechanism_v2.stl
G1 F2700 E590.65205
G1 F1200 X88.387 Y121.2 E592.63061
G1 X88.387 Y98.8 E593.85991
G1 X124.44 Y98.8 E595.83847
G1 X124.44 Y101.2 E595.97018
G1 X89.35 Y101.2 E597.89589
G1 X89.157 Y101.294 E597.90767
G1 X89.096 Y101.466 E597.91769
G1 X89.096 Y118.546 E598.85503
G1 X89.19 Y118.739 E598.86681
G1 X89.362 Y118.8 E598.87682
G1 X124.439 Y118.8 E600.80182
G1 X124.44 Y121.2 E600.93353
G0 F6000 X124.04 Y120.8
;TYPE:WALL-INNER
G1 F1200 X88.787 Y120.8 E602.86819
G1 X88.787 Y118.825 E602.97657
G1 X88.902 Y119.061 E602.99098
G1 X89.293 Y119.2 E603.01376
G1 X124.039 Y119.2 E604.92059
G1 X124.04 Y120.8 E605.0084
G0 F6000 X123.64 Y120.4
G1 F1200 X89.187 Y120.4 E606.89915
G1 X89.187 Y119.587 E606.94377
G1 X89.224 Y119.6 E606.94592
G1 X123.639 Y119.6 E608.83459
G1 X123.64 Y120.4 E608.87849
G1 F2700 E603.87849
G0 F6000 X89.339 Y118.939
G0 X89.092 Y118.849
G0 X88.958 Y118.577
G0 X88.957 Y101.443
G0 X89.047 Y101.196
G0 X123.64 Y100.4
G1 F2700 E608.87849
G1 F1200 X89.187 Y100.4 E610.76924
G1 X89.187 Y99.6 E610.81315
G1 X123.64 Y99.6 E612.7039
G1 X123.64 Y100.4 E612.7478
G0 F6000 X124.04 Y100.8
G1 F1200 X89.258 Y100.8 E614.65661
G1 X88.835 Y101.006 E614.68243
G1 X88.787 Y101.141 E614.6903
G1 X88.787 Y99.2 E614.79682
G1 X124.04 Y99.2 E616.73147
M73 P35
G1 X124.04 Y100.8 E616.81928
G0 F6000 X123.192 Y99.999
;TYPE:SKIN
G1 F1200 X122.909 Y99.999 E616.8353
G1 X89.817 Y99.999 E618.70857
G1 X89.419 Y100.167 E618.73302
G1 X89.026 Y100.622 E618.76705
G1 X88.906 Y101.351 E618.80888
G1 X88.74 Y101.468 E618.82037
G1 X88.744 Y118.443 E619.78129
G1 X88.629 Y118.611 E619.79281
G0 F6000 X88.698 Y118.68
G0 X89.51 Y119.774
G0 X89.735 Y119.999
G1 F1200 X90.018 Y119.999 E619.81053
G1 X123.11 Y119.999 E621.88268
G1 X123.316 Y119.922 E621.89646
G1 F2700 E616.89646
G0 F6000 X123.168 Y119.774
G0 X89.339 Y118.939
G0 X89.092 Y118.849
G0 X88.958 Y118.577
G0 X88.957 Y101.443
G0 X89.047 Y101.196
G0 X123.464 Y99.988
G1 F2700 E621.89646
G1 F1200 X123.25 Y99.774 E621.90476
G1 F2700 E616.90476
G0 F6000 X89.319 Y101.062
G0 X89.047 Y101.196
G0 X88.957 Y101.443
G0 X88.958 Y118.577
G0 X89.677 Y120.224
G0 X89.519 Y120.066
G1 F2700 E621.90476
G1 F1200 X89.378 Y120.207 E621.91823
G0 F6000 X89.394 Y120.224
G1 F2700 E616.91823
G0 F6000 X124.325 Y118.914
G0 X125.292 Y118.853
G0 X128.797 Y118.861
G0 X129.301 Y118.357
G0 X129.292 Y115.553
G0 X127.895 Y114.486
G1 F2700 E621.91823
G0 F6000 X127.681 Y114.7
;TYPE:WALL-OUTER
M73 P36
G1 F1200 X127.68 Y105.3 E622.4341
G1 X128.492 Y105.3 E622.47866
G1 X128.493 Y114.7 E622.99452
G1 X127.681 Y114.7 E623.03909
G0 F6000 X128.081 Y114.3
;TYPE:WALL-INNER
G1 F1200 X128.08 Y105.7 E623.51105
G1 X128.092 Y105.7 E623.51171
G1 X128.093 Y114.3 E623.52595
G1 X128.081 Y114.3 E623.52661
G0 F6000 X128.281 Y114.101
G1 F2700 E618.52661
G0 F6000 X128.192 Y114.1
G0 X127.895 Y114.486
G0 X127.895 Y115.72
G0 X110.931 Y117.83
G1 F2700 E623.52661
G0 F6000 X110.731 Y118
;TYPE:WALL-OUTER
G1 F1200 X110.731 Y102 E624.40468
G1 X128.44 Y102 E625.37654
G1 X128.44 Y104.4 E625.50825
G1 X111.693 Y104.4 E626.42731
G1 X111.5 Y104.494 E626.43909
G1 X111.439 Y104.666 E626.4491
G1 X111.44 Y115.346 E627.03521
G1 X111.534 Y115.539 E627.047
G1 X111.706 Y115.6 E627.05701
G1 X128.439 Y115.6 E627.9753
G1 X128.44 Y118 E628.10701
G1 X110.731 Y118 E629.07887
G0 F6000 X111.131 Y117.6
;TYPE:WALL-INNER
G1 F1200 X111.131 Y115.625 E629.18726
G1 X111.246 Y115.861 E629.20166
G1 X111.637 Y116 E629.22444
G1 X128.039 Y116 E630.12457
G1 X128.04 Y117.6 E630.21237
G1 X111.131 Y117.6 E631.14033
G0 F6000 X111.531 Y117.2
G1 F1200 X111.531 Y116.387 E631.18494
G1 X111.568 Y116.4 E631.1871
G1 X127.639 Y116.4 E632.06906
G1 X127.64 Y117.2 E632.11296
G1 X111.531 Y117.2 E632.99701
G0 F6000 X111.346 Y115.724
G0 X111.131 Y104.338
M73 P37
G1 F1200 X111.131 Y102.4 E633.10337
G1 X128.04 Y102.4 E634.03132
G1 X128.04 Y104 E634.11913
G1 X111.601 Y104 E635.02129
G1 X111.178 Y104.206 E635.04711
G1 X111.131 Y104.338 E635.0548
G0 F6000 X111.531 Y103.6
G1 F1200 X111.531 Y102.8 E635.0987
G1 X127.64 Y102.8 E635.98275
G1 X127.64 Y103.6 E636.02665
G1 X111.531 Y103.6 E636.9107
G0 F6000 X111.444 Y103.808
;TYPE:SKIN
G1 F1200 X111.807 Y103.321 E636.9224
G0 F6000 X111.968 Y103.199
G1 F1200 X112.25 Y103.199 E636.94027
G1 X127.24 Y103.198 E637.89025
G1 X127.381 Y103.057 E637.90289
G1 F2700 E632.90289
G0 F6000 X127.299 Y102.975
G0 X111.662 Y104.262
G0 X111.39 Y104.396
G0 X111.3 Y104.643
G0 X111.302 Y115.377
G0 X111.436 Y115.649
G0 X127.323 Y116.575
G0 X127.393 Y116.645
G1 F2700 E637.90289
G1 F1200 X127.252 Y116.787 E637.91531
G1 X122.173 Y116.799 E638.2305
G1 X111.991 Y116.799 E638.86237
G1 X111.819 Y116.91 E638.87507
G0 F6000 X111.933 Y117.024
G0 X111.201 Y115.443
G0 X111.053 Y115.295
G1 F1200 X110.938 Y115.463 E638.88502
G1 X111.085 Y114.762 E638.92003
G1 X111.084 Y107.69 E639.26568
G1 X111.084 Y104.861 E639.40395
G1 X111.122 Y104.616 E639.41607
G0 F6000 X111.231 Y104.757
G1 F2700 E634.41607
;MESH:NONMESH
G0 F300 X111.231 Y104.757 Z1.71
G0 F6000 X111.39 Y104.396
G0 X125.178 Y104.28
G0 X125.178 Y105.6
M117 Time Left 0h15m49s
M73 P38
;TIME_ELAPSED:593.429047
;LAYER:1
M106 S127.5
;TYPE:SUPPORT
G1 F2700 E639.41607
G1 F1350 X125.748 Y105.6 E639.43503
G1 X125.749 Y114.4 E639.72772
G1 X125.178 Y114.4 E639.74671
G1 X125.178 Y105.6 E640.0394
G0 F7500 X125.458 Y105.88
G1 F1350 X125.468 Y105.88 E640.03973
G1 X125.469 Y114.12 E640.31379
G1 X125.458 Y114.12 E640.31416
G1 X125.458 Y105.88 E640.58822
G1 F2700 E635.58822
G0 F7500 X123.188 Y105.88
G0 X130.421 Y104.435
G0 X130.421 Y105.3
G1 F2700 E640.58822
G1 F1350 X132.458 Y105.3 E640.65597
G1 X132.458 Y114.7 E640.96862
G1 X130.422 Y114.7 E641.03634
G1 X130.421 Y105.3 E641.34898
G0 F7500 X132 Y105.58
G1 F1350 X130.701 Y105.58 E641.39219
G1 X130.702 Y114.42 E641.68621
G1 X132 Y114.42 E641.72938
G1 X132 Y105.58 E642.0234
G1 X132.178 Y105.58 E642.02932
G1 X132.178 Y114.42 E642.32334
G1 X132 Y114.42 E642.32926
G1 F2700 E637.32926
G0 F7500 X132 Y115.565
G0 X123.188 Y114.6
G0 X124.782 Y114.6
;TYPE:SUPPORT-INTERFACE
G1 F2700 E642.32926
G1 F1350 X123.851 Y113.669 E642.37305
G0 F7500 X123.852 Y113.735
G1 F1350 X124.976 Y112.61 E642.42594
G0 F7500 X124.977 Y111.401
G1 F1350 X123.851 Y110.275 E642.47891
G0 F7500 X123.852 Y110.341
G1 F1350 X124.976 Y109.216 E642.5318
G0 F7500 X124.977 Y108.007
G1 F1350 X123.851 Y106.881 E642.58476
G0 F7500 X123.852 Y106.947
G1 F1350 X124.976 Y105.822 E642.63766
G1 F2700 E637.63766
;MESH:Over_Center_Mechanism_v2.stl
G0 F7500 X123.188 Y105.822
G0 X125.657 Y118.853
G0 X124.59 Y119.014
G0 X124.504 Y120.929
G1 F2700 E642.63766
G0 F7500 X124.805 Y121.2
;TYPE:WALL-OUTER
G1 F1350 X88.022 Y121.2 E643.86106
G1 X88.022 Y98.8 E644.60609
G1 X124.805 Y98.8 E645.8295
G1 X124.805 Y101.2 E645.90932
G1 X89.715 Y101.2 E647.07642
G1 X89.522 Y101.294 E647.08356
G1 X89.461 Y101.466 E647.08963
G1 X89.461 Y118.546 E647.65771
G1 X89.555 Y118.739 E647.66485
G1 X89.727 Y118.8 E647.67092
G1 X124.804 Y118.8 E648.83759
M73 P39
G1 X124.805 Y121.2 E648.91741
G0 F7500 X124.405 Y120.8
;TYPE:WALL-INNER
G1 F1350 X88.422 Y120.8 E650.11421
G1 X88.422 Y99.2 E650.83263
G1 X124.405 Y99.2 E652.02943
G1 X124.405 Y100.8 E652.08265
G1 X89.623 Y100.8 E653.2395
G1 X89.2 Y101.006 E653.25515
G1 X89.061 Y101.397 E653.26895
G1 X89.061 Y118.638 E653.84239
G1 X89.267 Y119.061 E653.85804
G1 X89.658 Y119.2 E653.87184
G1 X124.404 Y119.2 E655.0275
G1 X124.405 Y120.8 E655.08071
G0 F7500 X124.005 Y120.4
G1 F1350 X88.822 Y120.4 E656.2509
G1 X88.822 Y119.061 E656.29544
G1 X88.979 Y119.383 E656.30735
G1 X89.589 Y119.6 E656.32889
G1 X124.004 Y119.6 E657.47354
G1 X124.005 Y120.4 E657.50014
G1 F2700 E652.50014
G0 F7500 X89.52 Y120
G1 F2700 E657.50014
G1 F1350 X89.222 Y120 E657.51006
G1 X89.222 Y119.894 E657.51358
G1 X89.52 Y120 E657.51537
G0 F7500 X89.223 Y118.6
G0 X89.222 Y101.426
G0 X89.439 Y100
G1 F1350 X89.222 Y100.106 E657.5234
G1 X89.222 Y100
G1 X89.439 Y100 E657.52419
G1 F2700 E652.52419
G0 F7500 X124.005 Y100.4
G1 F2700 E657.52419
G1 F1350 X89.531 Y100.4 E658.6708
G1 X88.878 Y100.718 E658.69495
G1 X88.822 Y100.875 E658.7005
G1 X88.822 Y99.6 E658.74291
G1 X124.005 Y99.6 E659.9131
G1 X124.005 Y100.4 E659.9397
G0 F7500 X123.807 Y100.203
;TYPE:SKIN
G1 F1350 X123.666 Y100.061 E659.94719
G1 X122.88 Y99.999 E659.97666
G1 X89.787 Y99.999 E661.21395
G1 X89.657 Y99.846 E661.22145
G0 F7500 X89.584 Y99.919
G0 X88.986 Y101.083
G0 X88.791 Y101.278
G1 F1350 X88.678 Y101.107 E661.22646
G1 X88.741 Y102.459 E661.25951
G1 X88.741 Y118.581 E661.65318
G1 X88.787 Y118.818 E661.65907
G0 F7500 X88.899 Y118.706
G0 X89.811 Y119.774
G1 F1350 X89.694 Y119.892 E661.66184
G0 F7500 X89.869 Y119.999
G1 F1350 X90.152 Y119.999 E661.67257
G1 X123.527 Y119.999 E662.93822
G1 X123.707 Y120.102 E662.94609
G0 F7500 X123.828 Y119.981
G1 F2700 E657.94609
G0 F7500 X124.59 Y119.014
M73 P40
G0 X125.657 Y118.853
G0 X129.162 Y118.861
G0 X129.666 Y118.357
G0 X129.657 Y115.553
G0 X128.994 Y114.472
G0 X127.219 Y114.4
G1 F2700 E662.94609
G0 F7500 X126.949 Y114.7
;TYPE:WALL-OUTER
G1 F1350 X126.948 Y105.3 E663.25873
G1 X129.221 Y105.3 E663.33433
G1 X129.222 Y114.7 E663.64698
G1 X126.949 Y114.7 E663.72258
G0 F7500 X127.349 Y114.3
;TYPE:WALL-INNER
G1 F1350 X127.348 Y105.7 E664.00862
G1 X128.821 Y105.7 E664.05761
G1 X128.822 Y114.3 E664.34364
G1 X127.349 Y114.3 E664.39264
G0 F7500 X127.749 Y113.9
G1 F1350 X127.748 Y106.1 E664.65207
G1 X128.421 Y106.1 E664.67445
G1 X128.422 Y113.9 E664.93388
G1 X127.749 Y113.9 E664.95626
G0 F7500 X128.084 Y113.462
;TYPE:SKIN
G1 F1350 X128.084 Y113.179 E664.96432
G1 X128.083 Y106.675 E665.14955
G1 X128.061 Y106.413 E665.15704
G0 F7500 X127.922 Y106.553
G0 X128.245 Y113.584
G1 F1350 X128.105 Y113.725 E665.16035
G1 F2700 E660.16035
G0 F7500 X127.163 Y114.486
G0 X127.163 Y115.82
G0 X110.666 Y117.73
G1 F2700 E665.16035
G0 F7500 X110.366 Y118
;TYPE:WALL-OUTER
G1 F1350 X110.366 Y102 E665.69251
G1 X128.805 Y102 E666.30579
G1 X128.805 Y104.4 E666.38562
G1 X112.058 Y104.4 E666.94262
G1 X111.865 Y104.494 E666.94976
G1 X111.804 Y104.666 E666.95583
G1 X111.805 Y115.346 E667.31105
G1 X111.899 Y115.539 E667.31819
G1 X112.071 Y115.6 E667.32426
G1 X128.804 Y115.6 E667.8808
G1 X128.805 Y118 E667.96063
G1 X110.366 Y118 E668.57391
G0 F7500 X110.766 Y117.6
;TYPE:WALL-INNER
G1 F1350 X110.766 Y102.4 E669.07947
G1 X128.405 Y102.4 E669.66614
G1 X128.405 Y104 E669.71936
G1 X111.966 Y104 E670.26612
G1 X111.543 Y104.206 E670.28177
G1 X111.404 Y104.597 E670.29557
G1 X111.405 Y115.438 E670.65614
G1 X111.611 Y115.861 E670.67179
G1 X112.002 Y116 E670.68559
G1 X128.404 Y116 E671.23113
G1 X128.405 Y117.6 E671.28434
G1 X110.766 Y117.6 E671.87102
G0 F7500 X111.166 Y117.2
M73 P41
G1 F1350 X111.166 Y115.861 E671.91555
G1 X111.323 Y116.183 E671.92747
G1 X111.933 Y116.4 E671.949
G1 X128.004 Y116.4 E672.48353
G1 X128.005 Y117.2 E672.51014
G1 X111.166 Y117.2 E673.0702
G0 F7500 X111.566 Y116.8
G1 F1350 X111.566 Y116.694 E673.07373
G1 X111.864 Y116.8 E673.08044
G1 X111.566 Y116.8 E673.08163
G0 F7500 X111.166 Y104.073
G1 F1350 X111.166 Y102.8 E673.12397
G1 X128.005 Y102.8 E673.68404
G1 X128.005 Y103.6 E673.71064
G1 X111.874 Y103.6 E674.24716
G1 X111.221 Y103.918 E674.27132
G1 X111.166 Y104.073 E674.27679
G0 F7500 X111.566 Y103.305
G1 F1350 X111.566 Y103.2 E674.28028
G1 X111.782 Y103.2 E674.28747
G1 X111.566 Y103.305 E674.28904
G0 F7500 X111.825 Y103.417
;TYPE:SKIN
G1 F1350 X111.944 Y103.299 E674.29183
G0 F7500 X112.115 Y103.126
G1 F1350 X111.947 Y103.011 E674.30078
G0 F7500 X112.326 Y103.199
G1 F1350 X112.609 Y103.199 E674.31168
G1 X127.599 Y103.199 E674.88902
G1 X127.742 Y103.338 E674.8967
G1 F2700 E669.8967
G0 F7500 X127.657 Y103.424
G0 X112.004 Y104.162
G0 X111.675 Y104.324
G0 X111.565 Y104.626
G0 X111.567 Y115.4
G0 X111.729 Y115.729
G0 X111.972 Y115.818
G0 X127.518 Y116.574
G0 X127.293 Y116.799
G1 F2700 E674.8967
G1 F1350 X127.01 Y116.799 E674.9075
G1 X112.302 Y116.799 E675.46875
G1 X111.929 Y116.607 E675.48476
G0 F7500 X111.962 Y116.574
G0 X111.136 Y115.703
G0 X111.204 Y115.634
G1 F1350 X111.085 Y115.471 E675.48964
G1 X111.084 Y108.118 E675.66738
G1 X111.084 Y104.724 E675.74942
G1 X110.985 Y104.256 E675.76098
G0 F7500 X110.941 Y104.301
G0 X111.567 Y115.4
G0 X111.729 Y115.729
G0 X127.351 Y117.024
G1 F1350 X127.801 Y116.574 E675.77157
G0 F7500 X127.828 Y116.83
G1 F1350 X127.634 Y117.024 E675.77613
G1 F2700 E670.77613
;MESH:NONMESH
G0 F300 X127.634 Y117.024 Z1.91
G0 F7500 X128.576 Y115.828
G0 X129.669 Y115.799
G0 X123.188 Y105.6
G0 X125.178 Y105.6
M117 Time Left 0h14m47s
M73 P42
;TIME_ELAPSED:655.248827
;LAYER:2
M106 S255
;TYPE:SUPPORT
G1 F2700 E675.77613
G1 F1500 X125.389 Y105.6 E675.78315
G1 X125.39 Y114.4 E676.07584
G1 X125.178 Y114.4 E676.08289
G1 X125.178 Y105.6 E676.37558
G1 F2700 E671.37558
G0 F9000 X123.188 Y105.6
G0 X130.781 Y104.435
G0 X130.781 Y105.3
G1 F2700 E676.37558
G1 F1500 X132.458 Y105.3 E676.43136
G1 X132.458 Y114.7 E676.744
G1 X130.782 Y114.7 E676.79974
G1 X130.781 Y105.3 E677.11239
G0 F9000 X132 Y105.58
G1 F1500 X131.061 Y105.58 E677.14362
G1 X131.062 Y114.42 E677.43764
G1 X132 Y114.42 E677.46884
G1 X132 Y105.58 E677.76286
G1 X132.178 Y105.58 E677.76878
G1 X132.178 Y114.42 E678.0628
G1 X132 Y114.42 E678.06872
G1 F2700 E673.06872
G0 F9000 X132 Y115.565
G0 X123.188 Y114.6
G0 X124.782 Y114.6
;TYPE:SUPPORT-INTERFACE
G1 F2700 E678.06872
G1 F1500 X123.851 Y113.669 E678.11251
G0 F9000 X123.852 Y113.735
G1 F1500 X124.976 Y112.61 E678.1654
G0 F9000 X124.977 Y111.401
G1 F1500 X123.851 Y110.275 E678.21837
G0 F9000 X123.852 Y110.341
G1 F1500 X124.976 Y109.216 E678.27126
G0 F9000 X124.977 Y108.007
G1 F1500 X123.851 Y106.881 E678.32422
G0 F9000 X123.852 Y106.947
G1 F1500 X124.976 Y105.822 E678.37712
G1 F2700 E673.37712
;MESH:Over_Center_Mechanism_v2.stl
G0 F9000 X123.188 Y105.822
G0 X125.838 Y118.853
G0 X124.771 Y119.014
G0 X124.685 Y120.929
G1 F2700 E678.37712
G0 F9000 X124.986 Y121.2
;TYPE:WALL-OUTER
G1 F1500 X87.841 Y121.2 E679.61256
G1 X87.841 Y98.8 E680.35759
G1 X124.986 Y98.8 E681.59304
G1 X124.986 Y101.2 E681.67286
G1 X89.896 Y101.2 E682.83996
G1 X89.703 Y101.294 E682.8471
G1 X89.642 Y101.466 E682.85317
G1 X89.642 Y118.546 E683.42125
G1 X89.736 Y118.739 E683.42839
G1 X89.908 Y118.8 E683.43446
G1 X124.985 Y118.8 E684.60113
G1 X124.986 Y121.2 E684.68095
G0 F9000 X124.586 Y120.8
;TYPE:WALL-INNER
G1 F1500 X88.241 Y120.8 E685.88979
G1 X88.241 Y99.2 E686.60821
G1 X124.586 Y99.2 E687.81705
G1 X124.586 Y100.8 E687.87027
G1 X89.804 Y100.8 E689.02712
G1 X89.381 Y101.006 E689.04277
G1 X89.242 Y101.397 E689.05657
G1 X89.242 Y118.638 E689.63001
M73 P43
G1 X89.448 Y119.061 E689.64566
G1 X89.839 Y119.2 E689.65946
G1 X124.585 Y119.2 E690.81512
G1 X124.586 Y120.8 E690.86833
G0 F9000 X124.186 Y120.4
G1 F1500 X88.641 Y120.4 E692.05057
G1 X88.641 Y119.159 E692.09184
G1 X88.641 Y118.73 E692.10611
G1 X88.641 Y101.328 E692.6849
G1 X88.641 Y100.755 E692.70396
G1 X88.641 Y99.6 E692.74238
G1 X124.186 Y99.6 E693.92461
G1 X124.186 Y100.4 E693.95122
G1 X89.712 Y100.4 E695.09783
G1 X89.059 Y100.718 E695.12198
G1 X88.842 Y101.328 E695.1392
G1 X88.842 Y118.73 E695.43078
G1 X89.16 Y119.383 E695.45194
G1 X89.77 Y119.6 E695.47347
G1 X124.185 Y119.6 E696.61812
G1 X124.186 Y120.4 E696.64473
G1 F2700 E691.64473
G0 F9000 X89.701 Y120
G1 F2700 E696.64473
G1 F1500 X89.041 Y120 E696.66668
G1 X89.041 Y119.765 E696.67449
G1 X89.701 Y120 E696.68206
G0 F9000 X89.404 Y118.6
G0 X89.403 Y101.426
G0 X89.62 Y100
G1 F1500 X89.041 Y100.282 E696.70348
G1 X89.041 Y100 E696.71286
G1 X89.62 Y100 E696.71931
G0 F9000 X89.907 Y100.089
;TYPE:SKIN
G1 F1500 X90.1 Y99.999 E696.72734
G1 X123.758 Y99.999 E697.99604
G1 X123.913 Y99.871 E698.00362
G1 F2700 E693.00362
G0 F9000 X123.816 Y99.774
G0 X89.842 Y100.962
G0 X89.513 Y101.124
G0 X89.403 Y101.426
G0 X89.404 Y118.6
G0 X89.566 Y118.929
G0 X89.809 Y119.018
G0 X123.735 Y119.775
G0 X123.872 Y119.912
G1 F2700 E698.00362
G1 F1500 X123.676 Y119.999 E698.01164
G1 X90.018 Y119.999 E699.27101
G1 X89.902 Y120.166 E699.27862
G0 F9000 X89.02 Y119.567
G1 F1500 X88.816 Y119.363 E699.28342
G0 F9000 X89.403 Y101.426
G0 X89.759 Y100.224
G1 F1500 X89.682 Y100.147 E699.28523
G1 F2700 E694.28523
G0 F9000 X124.772 Y100.986
G0 X125.839 Y101.147
G0 X129.343 Y101.139
G0 X129.847 Y101.643
G0 X129.839 Y104.447
G0 X129.353 Y105.528
G0 X128.2 Y113.318
G0 X126.86 Y114.4
G1 F2700 E699.28523
G0 F9000 X126.59 Y114.7
;TYPE:WALL-OUTER
G1 F1500 X126.589 Y105.3 E699.59787
G1 X129.581 Y105.3 E699.69739
G1 X129.582 Y114.7 E700.01003
M73 P44
G1 X126.59 Y114.7 E700.10955
G0 F9000 X126.99 Y114.3
;TYPE:WALL-INNER
G1 F1500 X126.989 Y105.7 E700.39558
G1 X129.181 Y105.7 E700.46849
G1 X129.182 Y114.3 E700.75453
G1 X126.99 Y114.3 E700.82743
G0 F9000 X127.39 Y113.9
G1 F1500 X127.389 Y106.1 E701.08686
G1 X128.781 Y106.1 E701.13316
G1 X128.782 Y113.9 E701.39259
G1 X127.39 Y113.9 E701.43889
G0 F9000 X127.79 Y113.5
G1 F1500 X127.789 Y106.5 E701.67171
G1 X128.381 Y106.5 E701.6914
G1 X128.382 Y113.5 E701.92422
G1 X127.79 Y113.5 E701.94391
G0 F9000 X128.047 Y113.34
;TYPE:SKIN
G1 F1500 X127.948 Y113.24 E701.94859
G0 F9000 X128.221 Y112.948
G1 F1500 X127.948 Y112.674 E701.96146
G0 F9000 X128.221 Y112.382
G1 F1500 X127.948 Y112.108 E701.97432
G0 F9000 X128.221 Y111.816
G1 F1500 X127.948 Y111.543 E701.98716
G0 F9000 X128.221 Y111.251
G1 F1500 X127.948 Y110.977 E702.00003
G0 F9000 X128.221 Y110.684
G1 F1500 X127.948 Y110.411 E702.01287
G0 F9000 X128.221 Y110.119
G1 F1500 X127.948 Y109.846 E702.02571
G0 F9000 X128.221 Y109.553
G1 F1500 X127.948 Y109.28 E702.03855
G0 F9000 X128.221 Y108.987
G1 F1500 X127.948 Y108.714 E702.05139
G0 F9000 X128.22 Y108.421
G1 F1500 X127.948 Y108.149 E702.06418
G0 F9000 X128.22 Y107.855
G1 F1500 X127.948 Y107.583 E702.07698
G0 F9000 X128.22 Y107.29
G1 F1500 X127.948 Y107.017 E702.0898
G0 F9000 X128.22 Y106.724
G1 F1500 X128.156 Y106.659 E702.09283
G0 F9000 X128.156 Y106.31
G1 F2700 E697.09283
G0 F9000 X128.007 Y106.61
G0 X126.804 Y114.486
G0 X126.804 Y115.82
G0 X110.485 Y117.73
G1 F2700 E702.09283
G0 F9000 X110.185 Y118
;TYPE:WALL-OUTER
G1 F1500 X110.185 Y102 E702.62499
G1 X128.986 Y102 E703.25032
G1 X128.986 Y104.4 E703.33014
G1 X112.239 Y104.4 E703.88715
G1 X112.046 Y104.494 E703.89429
G1 X111.985 Y104.666 E703.90036
G1 X111.986 Y115.346 E704.25558
G1 X112.08 Y115.539 E704.26272
G1 X112.252 Y115.6 E704.26879
G1 X128.985 Y115.6 E704.82533
G1 X128.986 Y118 E704.90515
G1 X110.185 Y118 E705.53048
G0 F9000 X110.585 Y117.6
;TYPE:WALL-INNER
G1 F1500 X110.585 Y102.4 E706.03603
G1 X128.586 Y102.4 E706.63475
G1 X128.586 Y104 E706.68796
G1 X112.147 Y104 E707.23472
G1 X111.724 Y104.206 E707.25037
M73 P45
G1 X111.585 Y104.597 E707.26418
G1 X111.586 Y115.438 E707.62475
G1 X111.792 Y115.861 E707.6404
G1 X112.183 Y116 E707.6542
G1 X128.585 Y116 E708.19973
G1 X128.586 Y117.6 E708.25295
G1 X110.585 Y117.6 E708.85166
G0 F9000 X110.985 Y117.2
G1 F1500 X110.985 Y115.959 E708.89294
G1 X110.985 Y115.53 E708.90721
G1 X110.985 Y104.528 E709.27314
G1 X110.985 Y103.952 E709.29229
G1 X110.985 Y102.8 E709.33061
G1 X128.186 Y102.8 E709.90272
G1 X128.186 Y103.6 E709.92933
G1 X112.055 Y103.6 E710.46584
G1 X111.402 Y103.918 E710.49
G1 X111.185 Y104.528 E710.50717
G1 X111.186 Y115.53 E710.69106
G1 X111.504 Y116.183 E710.71222
G1 X112.114 Y116.4 E710.73375
G1 X128.185 Y116.4 E711.26827
G1 X128.186 Y117.2 E711.29488
G1 X110.985 Y117.2 E711.86699
G0 F9000 X111.385 Y116.8
G1 F1500 X111.385 Y116.565 E711.87481
G1 X112.045 Y116.8 E711.89811
G1 X111.385 Y116.8 E711.90434
G0 F9000 X111.385 Y103.481
G1 F1500 X111.385 Y103.2 E711.91368
G1 X111.963 Y103.2 E711.93291
G1 X111.385 Y103.481 E711.94146
G0 F9000 X111.159 Y103.805
;TYPE:SKIN
G1 F1500 X111.23 Y103.876 E711.94313
G0 F9000 X112.086 Y103.318
G0 X112.139 Y103.371
G1 F1500 X112.281 Y103.23 E711.95061
G1 X114.23 Y103.199 E712.02352
G1 X127.524 Y103.199 E712.52074
G1 X127.937 Y103.047 E712.5372
G1 F2700 E707.5372
G0 F9000 X127.865 Y102.975
G0 X112.185 Y104.162
G0 X111.856 Y104.324
G0 X111.746 Y104.626
G0 X111.748 Y115.4
G0 X111.91 Y115.729
G0 X112.153 Y115.818
G0 X127.888 Y116.575
G0 X127.948 Y116.635
G1 F2700 E712.5372
G1 F1500 X127.807 Y116.777 E712.54401
G1 X125.001 Y116.799 E712.63945
G1 X112.556 Y116.799 E713.06273
G1 X112.194 Y117.003 E713.07687
G1 X112.109 Y116.634 E713.08974
G1 X111.208 Y116.299 E713.12244
G1 X111.224 Y116.032 E713.13154
G0 F9000 X111.201 Y116.009
G1 F2700 E708.13154
;MESH:NONMESH
G0 F300 X111.201 Y116.009 Z2.11
G0 F9000 X128.771 Y115.814
G0 X129.838 Y115.553
G0 X132.815 Y115.561
G0 X133.319 Y115.057
G0 X133.319 Y104.943
G0 X132.815 Y104.439
G0 X131.06 Y104.435
G0 X131.06 Y105.3
M117 Time Left 0h13m47s
M73 P46
;TIME_ELAPSED:715.742034
;LAYER:3
;TYPE:SUPPORT
G1 F2700 E713.13154
G1 F1500 X132.458 Y105.3 E713.17803
G1 X132.458 Y114.7 E713.49068
G1 X131.061 Y114.699 E713.53714
G1 X131.06 Y105.3 E713.84976
G0 F9000 X132 Y105.58
G1 F1500 X131.34 Y105.58 E713.87171
G1 X131.341 Y114.419 E714.16569
G1 X132 Y114.419 E714.18761
G1 X132 Y105.58 E714.4816
G1 X132.178 Y105.58 E714.48752
G1 X132.178 Y114.42 E714.78154
G1 X132 Y114.419 E714.78746
G1 F2700 E709.78746
;MESH:Over_Center_Mechanism_v2.stl
G0 F9000 X132 Y115.565
G0 X129.972 Y118.357
G0 X129.468 Y118.861
G0 X125.964 Y118.853
G0 X124.897 Y119.014
G0 X124.811 Y120.93
G1 F2700 E714.78746
G0 F9000 X125.111 Y121.2
;TYPE:WALL-OUTER
G1 F1500 X87.715 Y121.2 E716.03126
G1 X87.716 Y98.8 E716.77628
G1 X125.112 Y98.8 E718.02008
G1 X125.111 Y101.2 E718.0999
G1 X90.022 Y101.2 E719.26697
G1 X89.829 Y101.294 E719.27411
G1 X89.768 Y101.466 E719.28018
G1 X89.767 Y118.546 E719.84826
G1 X89.861 Y118.739 E719.8554
G1 X90.033 Y118.8 E719.86147
G1 X125.111 Y118.8 E721.02817
G1 X125.111 Y121.2 E721.10799
G0 F9000 X124.711 Y120.8
;TYPE:WALL-INNER
G1 F1500 X88.115 Y120.8 E722.32518
G1 X88.116 Y99.2 E723.0436
G1 X124.712 Y99.2 E724.26079
G1 X124.711 Y100.8 E724.314
G1 X89.93 Y100.8 E725.47083
G1 X89.507 Y101.006 E725.48647
G1 X89.368 Y101.397 E725.50028
G1 X89.367 Y118.638 E726.07371
G1 X89.573 Y119.061 E726.08936
G1 X89.964 Y119.2 E726.10317
G1 X124.711 Y119.2 E727.25886
G1 X124.711 Y120.8 E727.31207
G0 F9000 X124.311 Y120.4
G1 F1500 X88.515 Y120.4 E728.50265
G1 X88.516 Y99.6 E729.19446
G1 X124.312 Y99.6 E730.38504
G1 X124.311 Y100.4 E730.41165
G1 X89.838 Y100.4 E731.55823
G1 X89.185 Y100.718 E731.58238
G1 X88.968 Y101.328 E731.60392
G1 X88.967 Y118.73 E732.18271
G1 X89.285 Y119.383 E732.20687
G1 X89.895 Y119.6 E732.2284
G1 X124.311 Y119.6 E733.37308
G1 X124.311 Y120.4 E733.39969
G1 F2700 E728.39969
G0 F9000 X89.826 Y120
G1 F2700 E733.39969
G1 F1500 X88.915 Y120 E733.42999
G1 X88.915 Y119.537 E733.44539
G1 X88.997 Y119.705
G1 X89.826 Y120 E733.44831
G0 F9000 X89.529 Y118.6
G0 X89.529 Y101.426
G0 X89.746 Y100
G1 F1500 X88.916 Y100.404 E733.47901
G1 X88.916 Y100 E733.49245
M73 P47
G1 X89.746 Y100 E733.50453
G0 F9000 X89.887 Y99.9
;TYPE:SKIN
G1 F1500 X90.013 Y99.774 E733.5075
G0 F9000 X90.07 Y99.999
G1 F1500 X90.353 Y99.999 E733.51811
G1 X123.728 Y99.999 E734.76955
G1 X124.101 Y100.191 E734.78528
G1 F2700 E729.78528
G0 F9000 X124.135 Y100.158
G0 X89.968 Y100.962
G0 X89.639 Y101.124
G0 X89.529 Y101.426
G0 X89.529 Y118.6
G0 X89.691 Y118.929
G0 X89.934 Y119.018
G0 X124.035 Y119.774
G0 X123.81 Y119.999
G1 F2700 E734.78528
G1 F1500 X123.527 Y119.999 E734.79602
G1 X90.434 Y119.999 E736.05166
G1 X90.038 Y119.829 E736.06802
G0 F9000 X89.982 Y119.886
G0 X88.991 Y119.18
G0 X88.878 Y119.293
G1 F1500 X88.794 Y119.094 E736.07001
G1 X88.741 Y118.016 E736.07997
G1 X88.741 Y101.611 E736.23132
G1 X88.825 Y100.961 E736.23736
G1 X88.811 Y100.692 E736.23985
G1 F2700 E731.23985
G0 F9000 X88.691 Y100.812
G0 X89.529 Y118.6
G0 X89.691 Y118.929
G0 X89.934 Y119.018
G0 X123.868 Y120.225
G1 F2700 E736.23985
G1 F1500 X124.135 Y119.957 E736.24614
G1 F2700 E731.24614
G0 F9000 X124.897 Y119.014
G0 X124.897 Y117.78
G1 F2700 E736.24614
G0 F9000 X124.655 Y118
;TYPE:WALL-OUTER
G1 F1500 X124.654 Y115.6 E736.32596
G1 X129.111 Y115.6 E736.4742
G1 X129.111 Y118 E736.55403
G1 X124.655 Y118 E736.70224
G0 F9000 X125.055 Y117.6
;TYPE:WALL-INNER
G1 F1500 X125.054 Y116 E736.75545
G1 X128.711 Y116 E736.87708
G1 X128.711 Y117.6 E736.9303
G1 X125.055 Y117.6 E737.0519
G0 F9000 X125.455 Y117.2
G1 F1500 X125.454 Y116.4 E737.07851
G1 X128.311 Y116.4 E737.17353
G1 X128.311 Y117.2 E737.20014
G1 X125.455 Y117.2 E737.29513
G0 F9000 X125.878 Y116.8
;TYPE:SKIN
G1 F1500 X126.161 Y116.8 E737.30784
G1 X127.858 Y116.8 E737.38401
G1 X128.025 Y116.915 E737.39311
G0 F9000 X128.134 Y116.806
G0 X125.821 Y116.575
G1 F1500 X125.628 Y116.767 E737.39764
G1 F2700 E732.39764
G0 F9000 X126.582 Y115.82
G0 X126.582 Y114.48
G1 F2700 E737.39764
G0 F9000 X126.312 Y114.7
;TYPE:WALL-OUTER
G1 F1500 X126.311 Y105.3 E737.71029
G1 X127.517 Y105.3 E737.7504
G1 X127.518 Y114.7 E738.06304
M73 P48
G1 X126.312 Y114.7 E738.10315
G0 F9000 X126.712 Y114.3
;TYPE:WALL-INNER
G1 F1500 X126.711 Y105.7 E738.38919
G1 X127.117 Y105.7 E738.4027
G1 X127.118 Y114.3 E738.68873
G1 X126.712 Y114.3 E738.70224
G0 F9000 X126.912 Y114.101
G1 F2700 E733.70224
G0 F9000 X127.317 Y114.4
G0 X128.855 Y114.4
G1 F2700 E738.70224
G0 F9000 X128.655 Y114.7
;TYPE:WALL-OUTER
G1 F1500 X128.654 Y105.3 E739.01488
G1 X129.86 Y105.3 E739.05499
G1 X129.861 Y114.7 E739.36764
G1 X128.655 Y114.7 E739.40775
G0 F9000 X129.055 Y114.3
;TYPE:WALL-INNER
G1 F1500 X129.054 Y105.7 E739.69379
G1 X129.46 Y105.7 E739.70729
G1 X129.461 Y114.3 E739.99333
G1 X129.055 Y114.3 E740.00683
G0 F9000 X129.255 Y114.101
G1 F2700 E735.00683
G0 F9000 X128.868 Y105.514
G0 X128.868 Y104.18
G0 X124.925 Y104.1
G1 F2700 E740.00683
G0 F9000 X124.655 Y104.4
;TYPE:WALL-OUTER
G1 F1500 X124.654 Y102 E740.08666
G1 X129.112 Y102 E740.23493
G1 X129.111 Y104.4 E740.31475
G1 X124.655 Y104.4 E740.46296
G0 F9000 X125.055 Y104
;TYPE:WALL-INNER
G1 F1500 X125.054 Y102.4 E740.51618
G1 X128.712 Y102.4 E740.63784
G1 X128.711 Y104 E740.69106
G1 X125.055 Y104 E740.81266
G0 F9000 X125.455 Y103.6
G1 F1500 X125.454 Y102.8 E740.83927
G1 X128.312 Y102.8 E740.93432
G1 X128.311 Y103.6 E740.96093
G1 X125.455 Y103.6 E741.05592
G0 F9000 X125.902 Y103.199
;TYPE:SKIN
G1 F1500 X126.185 Y103.199 E741.06857
G1 X127.882 Y103.199 E741.14442
G1 X128.037 Y103.326 E741.15338
G0 F9000 X128.135 Y103.229
G0 X125.845 Y102.974
G1 F1500 X125.628 Y103.19 E741.15847
G1 F2700 E736.15847
G0 F9000 X124.869 Y104.186
G0 X124.869 Y105.265
G0 X123.303 Y114.735
G0 X123.303 Y115.814
G0 X110.359 Y117.73
G1 F2700 E741.15847
G0 F9000 X110.059 Y118
;TYPE:WALL-OUTER
G1 F1500 X110.06 Y102 E741.69063
G1 X123.517 Y102 E742.13821
G1 X123.518 Y104.4 E742.21804
G1 X112.365 Y104.4 E742.58899
G1 X112.172 Y104.494 E742.59613
G1 X112.111 Y104.666 E742.6022
G1 X112.111 Y115.346 E742.95741
G1 X112.205 Y115.539 E742.96455
G1 X112.377 Y115.6 E742.97062
G1 X123.517 Y115.6 E743.34114
G1 X123.518 Y118 E743.42097
G1 X110.059 Y118 E743.86861
M73 P49
G0 F9000 X110.459 Y117.6
;TYPE:WALL-INNER
G1 F1500 X110.46 Y102.4 E744.37417
G1 X123.117 Y102.4 E744.79514
G1 X123.118 Y104 E744.84836
G1 X112.273 Y104 E745.20906
G1 X111.85 Y104.206 E745.22471
G1 X111.711 Y104.597 E745.23852
G1 X111.711 Y115.438 E745.59909
G1 X111.917 Y115.861 E745.61474
G1 X112.308 Y116 E745.62854
G1 X123.117 Y116 E745.98805
G1 X123.118 Y117.6 E746.04126
G1 X110.459 Y117.6 E746.4623
G0 F9000 X110.859 Y117.2
G1 F1500 X110.86 Y102.8 E746.94125
G1 X122.717 Y102.8 E747.33562
G1 X122.718 Y103.6 E747.36222
G1 X112.181 Y103.6 E747.71269
G1 X111.528 Y103.918 E747.73684
G1 X111.311 Y104.528 E747.75838
G1 X111.311 Y115.53 E748.12431
G1 X111.629 Y116.183 E748.14846
G1 X112.239 Y116.4 E748.17
G1 X122.717 Y116.4 E748.5185
G1 X122.718 Y117.2 E748.5451
G1 X110.859 Y117.2 E748.93954
G0 F9000 X111.259 Y116.8
G1 F1500 X111.259 Y116.337 E748.95494
G1 X111.341 Y116.505
G1 X112.17 Y116.8 E748.9842
G1 X111.259 Y116.8 E748.99601
G0 F9000 X111.26 Y103.604
G1 F1500 X111.26 Y103.2 E749.00945
G1 X112.089 Y103.2 E749.03702
G1 X111.26 Y103.604 E749.05222
G0 F9000 X111.067 Y103.892
;TYPE:SKIN
G1 F1500 X111.192 Y104.05 E749.05415
G1 X111.084 Y105.006 E749.06331
G1 X111.084 Y115.471 E749.16306
G1 X111.153 Y115.969 E749.16785
G1 X111.295 Y116.11 E749.16976
G0 F9000 X111.365 Y116.04
G0 X112.207 Y116.612
G0 X112.226 Y116.593
G1 F1500 X112.433 Y116.668 E749.17508
G0 F9000 X112.585 Y116.799
G1 F1500 X112.867 Y116.799 E749.18585
G1 X122.201 Y116.799 E749.54238
G1 X122.4 Y116.884 E749.55064
G1 F2700 E744.55064
G0 F9000 X122.541 Y116.743
G0 X112.337 Y115.839
G0 X112.035 Y115.729
G0 X111.873 Y115.4
G0 X111.872 Y104.626
G0 X111.982 Y104.324
G0 X112.248 Y104.194
G0 X122.283 Y103.424
G1 F2700 E749.55064
G1 F1500 X122.54 Y103.167 E749.55669
G0 F9000 X122.225 Y103.199
G1 F1500 X121.942 Y103.199 E749.56728
G1 X112.608 Y103.199 E749.9167
G1 X112.24 Y103.002 E749.93233
G1 X112.166 Y103.359 E749.94598
G0 F9000 X112.128 Y103.398
G1 F2700 E744.94598
;MESH:NONMESH
G0 F300 X112.128 Y103.398 Z2.31
G0 F9000 X123.304 Y104.186
G0 X124.087 Y105.039
G0 X131.288 Y104.435
G0 X131.288 Y105.3
M117 Time Left 0h12m47s
M73 P50
;TIME_ELAPSED:775.995900
;LAYER:4
;TYPE:SUPPORT
G1 F2700 E749.94598
G1 F1500 X132.458 Y105.3 E749.98489
G1 X132.458 Y114.7 E750.29754
G1 X131.289 Y114.7 E750.33642
G1 X131.288 Y105.3 E750.64906
G0 F9000 X132 Y105.58
G1 F1500 X131.568 Y105.58 E750.66343
G1 X131.569 Y114.42 E750.95745
G1 X132 Y114.42 E750.97179
G1 X132 Y105.58 E751.26581
G1 X132.178 Y105.58 E751.27173
G1 X132.178 Y114.42 E751.56575
G1 X132 Y114.42 E751.57167
G1 F2700 E746.57167
;MESH:Over_Center_Mechanism_v2.stl
G0 F9000 X132 Y115.565
G0 X130.061 Y118.357
G0 X129.557 Y118.861
G0 X126.052 Y118.853
G0 X125.085 Y118.914
G0 X124.999 Y121.029
G1 F2700 E751.57167
G0 F9000 X125.2 Y121.2
;TYPE:WALL-OUTER
G1 F1500 X87.627 Y121.2 E752.82135
G1 X87.627 Y98.8 E753.56638
G1 X125.2 Y98.8 E754.81606
G1 X125.2 Y101.2 E754.89588
G1 X124.372 Y101.2 E754.92342
G1 X124.179 Y101.294 E754.93056
G1 X124.118 Y101.466 E754.93663
G1 X124.118 Y118.546 E755.50472
G1 X124.212 Y118.739 E755.51186
G1 X124.384 Y118.8 E755.51793
G1 X125.199 Y118.8 E755.54503
G1 X125.2 Y121.2 E755.62486
G1 F2700 E750.62486
G0 F9000 X125.03 Y121.03
G0 X124.085 Y118.818
G1 F2700 E755.62486
G0 F9000 X123.992 Y118.706
G1 F1500 X124.053 Y118.534 E755.63093
G1 X124.053 Y101.454 E756.19901
G1 X123.959 Y101.261 E756.20615
G1 X123.787 Y101.2 E756.21222
G1 X90.109 Y101.2 E757.33236
G1 X89.916 Y101.294 E757.3395
G1 X89.855 Y101.466 E757.34557
G1 X89.856 Y118.546 E757.91365
G1 X89.95 Y118.739 E757.92079
G1 X90.122 Y118.8 E757.92686
G1 X123.799 Y118.8 E759.04696
G1 X123.992 Y118.706 E759.0541
G0 F9000 X124.31 Y119.233
G0 X124.8 Y120.8
;TYPE:WALL-INNER
G1 F1500 X88.027 Y120.8 E760.27718
G1 X88.027 Y99.2 E760.99559
G1 X124.8 Y99.2 E762.21867
G1 X124.8 Y100.8 E762.27189
G1 X124.28 Y100.8 E762.28918
G1 X124.101 Y100.887 E762.2958
G1 X123.856 Y100.8 E762.30445
G1 X90.017 Y100.8 E763.42994
G1 X89.594 Y101.006 E763.44559
G1 X89.455 Y101.397 E763.45939
G1 X89.456 Y118.638 E764.03283
G1 X89.662 Y119.061 E764.04847
G1 X90.053 Y119.2 E764.06228
G1 X123.891 Y119.2 E765.18773
G1 X124.07 Y119.113 E765.19435
G1 X124.315 Y119.2 E765.203
G1 X124.799 Y119.2 E765.2191
G1 X124.8 Y120.8 E765.27231
G0 F9000 X124.4 Y120.4
G1 F1500 X88.427 Y120.4 E766.46878
G1 X88.427 Y99.6 E767.16059
G1 X124.4 Y99.6 E768.35706
G1 X124.4 Y100.4 E768.38367
G1 X124.188 Y100.4 E768.39072
G1 X124.077 Y100.454 E768.39482
G1 X123.925 Y100.4 E768.40019
G1 X89.925 Y100.4 E769.53103
G1 X89.272 Y100.718 E769.55519
G1 X89.055 Y101.328 E769.57672
G1 X89.056 Y118.73 E770.15552
G1 X89.374 Y119.383 E770.17967
M73 P51
G1 X89.984 Y119.6 E770.20121
G1 X123.983 Y119.6 E771.33202
G1 X124.094 Y119.546 E771.33613
G1 X124.246 Y119.6 E771.34149
G1 X124.399 Y119.6 E771.34658
G1 X124.4 Y120.4 E771.37319
G1 F2700 E766.37319
G0 F9000 X89.915 Y120
G1 F2700 E771.37319
G1 F1500 X88.827 Y120 E771.40938
G1 X88.827 Y119.173 E771.43688
G1 X89.086 Y119.705 E771.44101
G1 X89.915 Y120 E771.44847
G0 F9000 X89.718 Y118.577
G0 X89.716 Y101.443
G0 X89.833 Y100
G1 F1500 X88.95 Y100.43 E771.48114
G1 X88.827 Y100.776 E771.49335
G1 X88.827 Y100 E771.50978
G1 X89.833 Y100 E771.52714
G0 F9000 X89.992 Y100.174
;TYPE:SKIN
G1 F1500 X90.145 Y100.045 E771.53462
G1 X91.231 Y99.999 E771.57526
G1 X123.475 Y99.999 E772.78096
G1 X124.02 Y99.978 E772.80136
G1 X124.161 Y99.837 E772.80882
G1 F2700 E767.80882
G0 F9000 X124.224 Y99.9
G0 X90.078 Y101.062
G0 X89.806 Y101.196
G0 X89.716 Y101.443
G0 X89.718 Y118.577
G0 X89.852 Y118.849
G0 X124.017 Y119.774
G1 F2700 E772.80882
G1 F1500 X124.223 Y119.981 E772.81367
G0 F9000 X123.959 Y119.999
G1 F1500 X123.676 Y119.999 E772.82439
G1 X90.3 Y119.999 E774.08869
G1 X90.155 Y120.136 E774.09624
G0 F9000 X90.068 Y120.049
G0 X88.969 Y118.95
G0 X88.785 Y118.766
G1 F1500 X88.741 Y118.439 E774.10413
G1 X88.741 Y101.186 E774.5167
G1 X88.856 Y101.018 E774.52156
G0 F9000 X88.947 Y101.109
G0 X88.601 Y118.866
G1 F1500 X88.758 Y119.023 E774.52526
G1 F2700 E769.52526
G0 F9000 X123.826 Y118.919
G0 X125.059 Y117.886
G1 F2700 E774.52526
G0 F9000 X124.945 Y118
;TYPE:WALL-OUTER
G1 F1500 X124.944 Y115.6 E774.60508
G1 X127.716 Y115.6 E774.69728
G1 X127.909 Y115.506 E774.70442
G1 X127.97 Y115.334 E774.71049
G1 X127.97 Y104.654 E775.06571
G1 X127.876 Y104.461 E775.07285
G1 X127.704 Y104.4 E775.07892
G1 X124.945 Y104.4 E775.17068
G1 X124.944 Y102 E775.2505
G1 X129.2 Y102 E775.39206
G1 X129.2 Y104.4 E775.47188
G1 X128.455 Y104.4 E775.49666
G1 X128.262 Y104.494 E775.5038
G1 X128.201 Y104.666 E775.50987
G1 X128.201 Y115.346 E775.86509
G1 X128.295 Y115.539 E775.87223
G1 X128.467 Y115.6 E775.8783
G1 X129.199 Y115.6 E775.90265
G1 X129.2 Y118 E775.98247
G1 X124.945 Y118 E776.12399
G0 F9000 X125.345 Y117.6
;TYPE:WALL-INNER
G1 F1500 X125.344 Y116 E776.17721
G1 X127.808 Y116 E776.25916
G1 X128.057 Y115.879 E776.26837
G1 X128.398 Y116 E776.28041
G1 X128.799 Y116 E776.29374
G1 X128.8 Y117.6 E776.34696
G1 X125.345 Y117.6 E776.46187
G0 F9000 X125.745 Y117.2
G1 F1500 X125.744 Y116.4 E776.48848
G1 X127.9 Y116.4 E776.56019
M73 P52
G1 X128.081 Y116.312 E776.56688
G1 X128.329 Y116.4 E776.57564
G1 X128.399 Y116.4 E776.57796
G1 X128.4 Y117.2 E776.60457
G1 X125.745 Y117.2 E776.69288
G0 F9000 X127.992 Y116.8
G1 F1500 X127.999 Y116.796 E776.69315
G1 X127.999 Y116.8
G1 X127.992 Y116.8 E776.69315
G0 F9000 X128.076 Y115.429
G0 X128.108 Y104.623
G0 X128 Y103.232
G1 F1500 X127.911 Y103.2 E776.69629
G1 X128 Y103.2 E776.69638
G1 X128 Y103.232
G0 F9000 X125.745 Y103.6
G1 F1500 X125.744 Y102.8 E776.72299
G1 X128.4 Y102.8 E776.81133
G1 X128.4 Y103.6 E776.83794
G1 X128.271 Y103.6 E776.84223
G1 X128.09 Y103.688 E776.84892
G1 X127.842 Y103.6 E776.85767
G1 X125.745 Y103.6 E776.92742
G0 F9000 X125.345 Y104
G1 F1500 X125.344 Y102.4 E776.98063
G1 X128.8 Y102.4 E777.09558
G1 X128.8 Y104 E777.1488
G1 X128.363 Y104 E777.16333
G1 X128.114 Y104.121 E777.17254
G1 X127.773 Y104 E777.18457
G1 X125.345 Y104 E777.26533
G0 F9000 X125.985 Y103.357
;TYPE:SKIN
G1 F1500 X126.126 Y103.215 E777.27316
G1 X127.524 Y103.199 E777.32786
G1 X127.669 Y103.062 E777.33566
G0 F9000 X127.582 Y102.975
G0 X128.022 Y104.263
G1 F1500 X128.124 Y104.366 E777.33807
G0 F9000 X128.107 Y104.356
G0 X128.073 Y104.629
G0 X128.1 Y105.995
G0 X128.069 Y114.003
G0 X128.109 Y115.357
G0 X128.064 Y115.644
G0 X128.109 Y115.664
G1 F1500 X127.919 Y116.606 E777.34536
G1 X127.714 Y116.683 E777.34703
G0 F9000 X127.548 Y116.8
G1 F1500 X127.265 Y116.8 E777.35849
G1 X126.138 Y116.804 E777.40412
G1 X125.997 Y116.946 E777.41222
G0 F9000 X126.076 Y117.025
G1 F2700 E772.41222
G0 F9000 X126.353 Y115.72
G0 X126.353 Y114.48
G1 F2700 E777.41222
G0 F9000 X126.083 Y114.7
;TYPE:WALL-OUTER
G1 F1500 X126.082 Y105.3 E777.72487
G1 X127.226 Y105.3 E777.76292
G1 X127.227 Y114.7 E778.07556
G1 X126.083 Y114.7 E778.11361
G0 F9000 X126.483 Y114.3
;TYPE:WALL-INNER
G1 F1500 X126.482 Y105.7 E778.39965
G1 X126.826 Y105.7 E778.41109
G1 X126.827 Y114.3 E778.65771
G1 X126.483 Y114.3 E778.66915
G0 F9000 X126.683 Y114.101
G1 F2700 E773.66915
G0 F9000 X127.026 Y114.4
G0 X129.145 Y114.4
G1 F2700 E778.66915
G0 F9000 X128.945 Y114.7
;TYPE:WALL-OUTER
G1 F1500 X128.944 Y105.3 E778.98179
G1 X130.088 Y105.3 E779.01984
G1 X130.089 Y114.7 E779.33249
G1 X128.945 Y114.7 E779.37054
G0 F9000 X129.345 Y114.3
;TYPE:WALL-INNER
G1 F1500 X129.344 Y105.7 E779.65657
G1 X129.688 Y105.7 E779.66802
G1 X129.689 Y114.3 E779.91463
G1 X129.345 Y114.3 E779.92607
G0 F9000 X129.545 Y114.101
G1 F2700 E774.92607
M73 P53
G0 F9000 X129.159 Y114.486
G0 X130.052 Y115.553
G0 X123.2 Y114.747
G0 X123.012 Y115.814
G0 X110.271 Y117.73
G1 F2700 E779.92607
G0 F9000 X109.971 Y118
;TYPE:WALL-OUTER
G1 F1500 X109.971 Y102 E780.45823
G1 X123.226 Y102 E780.8991
G1 X123.227 Y104.4 E780.97892
G1 X112.453 Y104.4 E781.33726
G1 X112.26 Y104.494 E781.3444
G1 X112.199 Y104.666 E781.35047
G1 X112.2 Y115.346 E781.70569
G1 X112.294 Y115.539 E781.71283
G1 X112.466 Y115.6 E781.7189
G1 X123.226 Y115.6 E782.07678
G1 X123.227 Y118 E782.15661
G1 X109.971 Y118 E782.5975
G0 F9000 X110.371 Y117.6
;TYPE:WALL-INNER
G1 F1500 X110.371 Y102.4 E783.10306
G1 X122.826 Y102.4 E783.51731
G1 X122.827 Y104 E783.57053
G1 X112.361 Y104 E783.91863
G1 X111.938 Y104.206 E783.93428
G1 X111.799 Y104.597 E783.94808
G1 X111.8 Y115.438 E784.30865
G1 X112.006 Y115.861 E784.3243
G1 X112.397 Y116 E784.3381
G1 X122.826 Y116 E784.68497
G1 X122.827 Y117.6 E784.73819
G1 X110.371 Y117.6 E785.15248
G0 F9000 X110.771 Y117.2
G1 F1500 X110.771 Y102.8 E785.63142
G1 X122.426 Y102.8 E786.01907
G1 X122.427 Y103.6 E786.04568
G1 X112.269 Y103.6 E786.38353
G1 X111.616 Y103.918 E786.40769
G1 X111.399 Y104.528 E786.42923
G1 X111.4 Y115.53 E786.79515
G1 X111.718 Y116.183 E786.81931
G1 X112.328 Y116.4 E786.84085
G1 X122.426 Y116.4 E787.17671
G1 X122.427 Y117.2 E787.20331
G1 X110.771 Y117.2 E787.59099
G0 F9000 X111.171 Y116.8
G1 F1500 X111.171 Y115.973 E787.6185
G1 X111.43 Y116.505 E787.62367
G1 X112.259 Y116.8 E787.65293
G1 X111.171 Y116.8 E787.66879
G0 F9000 X111.171 Y103.976
G1 F1500 X111.171 Y103.2 E787.6946
G1 X112.177 Y103.2 E787.72806
G1 X111.294 Y103.63 E787.74462
G1 X111.171 Y103.976 E787.74745
G0 F9000 X111.266 Y104.195
;TYPE:SKIN
G1 F1500 X111.092 Y104.304 E787.75225
G1 X111.085 Y109.953 E787.8844
G1 X111.085 Y115.327 E788.01011
G1 X110.988 Y115.796 E788.02131
G0 F9000 X110.945 Y115.753
G0 X112.332 Y116.575
G0 X112.557 Y116.799
G1 F1500 X112.839 Y116.799 E788.0324
G1 X121.89 Y116.799 E788.38824
G1 X122.1 Y116.726 E788.39698
G0 F9000 X122.251 Y116.877
G0 X112.499 Y117.024
G1 F1500 X112.398 Y116.924 E788.39934
G0 F9000 X111.962 Y115.4
G0 X111.96 Y104.626
G0 X112.475 Y103.424
G1 F1500 X112.346 Y103.295 E788.40238
G0 F9000 X112.533 Y103.199
G1 F1500 X112.816 Y103.199 E788.41331
G1 X121.867 Y103.199 E788.76303
G1 X122.229 Y102.996 E788.77907
G0 F9000 X122.208 Y102.975
G1 F2700 E783.77907
;MESH:NONMESH
G0 F300 X122.208 Y102.975 Z2.51
G0 F9000 X123.013 Y104.186
G0 X123.2 Y105.253
G0 X131.48 Y104.435
G0 X131.48 Y105.3
M117 Time Left 0h11m45s
M73 P54
;TIME_ELAPSED:837.800621
;LAYER:5
;TYPE:SUPPORT
G1 F2700 E788.77907
G1 F1500 X132.458 Y105.3 E788.8116
G1 X132.458 Y114.7 E789.12424
G1 X131.481 Y114.7 E789.15674
G1 X131.48 Y105.3 E789.46938
G0 F9000 X132 Y105.58
G1 F1500 X131.76 Y105.58 E789.47737
G1 X131.761 Y114.42 E789.77139
G1 X132 Y114.42 E789.77933
G1 X132 Y105.58 E790.07335
G1 X132.178 Y105.58 E790.07927
G1 X132.178 Y114.42 E790.37329
G1 X132 Y114.42 E790.37921
G1 F2700 E785.37921
;MESH:Over_Center_Mechanism_v2.stl
G0 F9000 X132 Y115.565
G0 X130.116 Y118.357
G0 X129.612 Y118.861
G0 X126.108 Y118.853
G0 X125.141 Y118.914
G0 X125.055 Y121.03
G1 F2700 E790.37921
G0 F9000 X125.255 Y121.2
;TYPE:WALL-OUTER
G1 F1500 X87.571 Y121.2 E791.63259
G1 X87.572 Y98.8 E792.37762
G1 X125.256 Y98.8 E793.63099
G1 X125.255 Y101.2 E793.71082
G1 X124.56 Y101.2 E793.73393
G1 X124.367 Y101.294 E793.74107
G1 X124.306 Y101.466 E793.74714
G1 X124.306 Y118.546 E794.31522
G1 X124.4 Y118.739 E794.32236
G1 X124.572 Y118.8 E794.32843
G1 X125.255 Y118.8 E794.35115
G1 X125.255 Y121.2 E794.43098
G1 F2700 E789.43098
G0 F9000 X125.085 Y121.03
G0 X123.992 Y118.773
G1 F2700 E794.43098
G0 F9000 X123.804 Y118.706
G1 F1500 X123.865 Y118.534 E794.43704
G1 X123.865 Y101.454 E795.00513
G1 X123.771 Y101.261 E795.01227
G1 X123.599 Y101.2 E795.01834
G1 X90.165 Y101.2 E796.13036
G1 X89.972 Y101.294 E796.1375
G1 X89.911 Y101.466 E796.14357
G1 X89.911 Y118.546 E796.71165
G1 X90.005 Y118.739 E796.71879
G1 X90.177 Y118.8 E796.72486
G1 X123.611 Y118.8 E797.83688
G1 X123.804 Y118.706 E797.84402
G0 F9000 X124.107 Y119.067
G0 X124.855 Y120.8
;TYPE:WALL-INNER
G1 F1500 X87.971 Y120.8 E799.07079
G1 X87.972 Y99.2 E799.78921
G1 X124.856 Y99.2 E801.01597
G1 X124.855 Y100.8 E801.06919
G1 X124.468 Y100.8 E801.08206
G1 X124.083 Y100.988 E801.09631
G1 X124.059 Y100.939 E801.09813
G1 X123.668 Y100.8 E801.11193
G1 X90.073 Y100.8 E802.2293
G1 X89.65 Y101.006 E802.24495
G1 X89.511 Y101.397 E802.25875
G1 X89.511 Y118.638 E802.83219
G1 X89.717 Y119.061 E802.84784
G1 X90.108 Y119.2 E802.86164
G1 X123.703 Y119.2 E803.97902
G1 X124.088 Y119.012 E803.99327
G1 X124.112 Y119.061 E803.99508
G1 X124.503 Y119.2 E804.00888
G1 X124.855 Y119.2 E804.02059
G1 X124.855 Y120.8 E804.07381
G0 F9000 X124.455 Y120.4
G1 F1500 X88.371 Y120.4 E805.27396
G1 X88.372 Y99.6 E805.96578
G1 X124.456 Y99.6 E807.16593
G1 X124.455 Y100.4 E807.19254
G1 X124.376 Y100.4 E807.19517
G1 X124.107 Y100.532 E807.20514
G1 X123.737 Y100.4 E807.2182
G1 X89.981 Y100.4 E808.34093
G1 X89.328 Y100.718 E808.36509
G1 X89.111 Y101.328 E808.38662
G1 X89.111 Y118.73 E808.96542
G1 X89.429 Y119.383 E808.98957
G1 X90.039 Y119.6 E809.01111
G1 X123.795 Y119.6 E810.13384
G1 X124.064 Y119.468 E810.1438
M73 P55
G1 X124.434 Y119.6 E810.15687
G1 X124.455 Y119.6 E810.15757
G1 X124.455 Y120.4 E810.18417
G0 F9000 X124.055 Y120
G1 F1500 X123.888 Y120 E810.18973
G1 X124.055 Y119.918 E810.1908
G1 X124.055 Y120
G0 F9000 X124.055 Y100.089
G1 F1500 X123.806 Y100 E810.19959
G1 X89.889 Y100
G1 X89.006 Y100.43 E810.23226
G1 X88.772 Y101.088 E810.25549
G1 X88.772 Y100.43 E810.26167
G1 X88.772 Y100 E810.27449
G1 X89.889 Y100 E810.31164
G1 X124.056 Y100 E810.3158
G1 X124.055 Y100.089
G1 F2700 E805.3158
G0 F9000 X124.004 Y118.557
G0 X123.914 Y118.804
G0 X89.97 Y120
G1 F2700 E810.3158
G1 F1500 X88.771 Y120 E810.35568
G1 X88.771 Y118.945 E810.39077
G1 X89.141 Y119.705 E810.40236
G1 X89.97 Y120 E810.41333
G0 F9000 X90.128 Y120.023
;TYPE:SKIN
G1 F1500 X90.378 Y119.773 E810.41921
G0 F9000 X90.434 Y119.999
G1 F1500 X90.717 Y119.999 E810.42986
G1 X123.527 Y119.999 E811.66435
G1 X123.661 Y120.148 E811.67189
G0 F9000 X123.585 Y120.225
G0 X124.167 Y118.794
G0 X124.189 Y118.772
G1 F1500 X124.062 Y118.615 E811.67345
G1 X124.084 Y115.765 E811.69544
G1 X124.084 Y101.623 E811.80456
G1 X124.119 Y101.306 E811.80702
G0 F9000 X124.185 Y101.209
G0 X123.503 Y100.224
G1 F1500 X123.624 Y100.104 E811.80985
G0 F9000 X123.446 Y99.999
G1 F1500 X123.163 Y99.999 E811.8206
G1 X90.353 Y99.999 E813.06635
G1 X90.176 Y99.893 E813.07418
G0 F9000 X90.057 Y100.013
G0 X88.814 Y101.256
G0 X88.68 Y101.389
G1 F1500 X88.741 Y101.61 E813.0817
G1 X88.741 Y118.581 E813.63876
G1 X88.889 Y118.716 E813.64533
G0 F9000 X88.843 Y118.762
G0 X90.021 Y119.848
G1 F1500 X90.095 Y119.773 E813.64709
G1 F2700 E808.64709
G0 F9000 X123.634 Y118.9
G0 X125.187 Y117.886
G1 F2700 E813.64709
G0 F9000 X125.073 Y118
;TYPE:WALL-OUTER
G1 F1500 X125.073 Y115.6 E813.72691
G1 X127.554 Y115.6 E813.80943
G1 X127.747 Y115.506 E813.81657
G1 X127.808 Y115.334 E813.82264
G1 X127.809 Y104.654 E814.17786
G1 X127.715 Y104.461 E814.185
G1 X127.543 Y104.4 E814.19107
G1 X125.072 Y104.4 E814.27325
G1 X125.073 Y102 E814.35308
G1 X129.256 Y102 E814.4922
G1 X129.255 Y104.4 E814.57203
G1 X128.617 Y104.4 E814.59325
G1 X128.424 Y104.494 E814.60039
G1 X128.363 Y104.666 E814.60646
G1 X128.362 Y115.346 E814.96168
G1 X128.456 Y115.539 E814.96882
G1 X128.628 Y115.6 E814.97489
G1 X129.255 Y115.6 E814.99574
G1 X129.255 Y118 E815.07556
G1 X125.073 Y118 E815.21466
G0 F9000 X125.473 Y117.6
;TYPE:WALL-INNER
G1 F1500 X125.473 Y116 E815.26787
G1 X127.646 Y116 E815.34015
G1 X128.069 Y115.794 E815.3558
G1 X128.097 Y115.715 E815.35858
G1 X128.168 Y115.861 E815.36074
G1 X128.559 Y116 E815.37454
G1 X128.855 Y116 E815.38438
G1 X128.855 Y117.6 E815.4376
G1 X125.473 Y117.6 E815.55009
M73 P56
G0 F9000 X125.873 Y117.2
G1 F1500 X125.873 Y116.4 E815.57669
G1 X127.738 Y116.4 E815.63872
G1 X128.055 Y116.245 E815.65046
G1 X128.455 Y116.388 E815.66459
G1 X128.455 Y117.2 E815.6916
G1 X125.873 Y117.2 E815.77747
G0 F9000 X127.831 Y116.8
G1 F1500 X128.055 Y116.69 E815.78577
G1 X128.055 Y116.8
G1 X127.831 Y116.8 E815.78662
G0 F9000 X127.924 Y115.632
G0 X128.055 Y103.309
G1 F1500 X127.75 Y103.2 E815.79739
G1 X128.056 Y103.2 E815.79866
G1 X128.055 Y103.309
G0 F9000 X125.872 Y103.6
G1 F1500 X125.873 Y102.8 E815.82527
G1 X128.456 Y102.8 E815.91118
G1 X128.455 Y103.6 E815.93779
G1 X128.433 Y103.6 E815.93852
G1 X128.116 Y103.755 E815.95026
G1 X127.681 Y103.6 E815.96562
G1 X125.872 Y103.6 E816.02579
G0 F9000 X125.472 Y104
G1 F1500 X125.473 Y102.4 E816.079
G1 X128.856 Y102.4 E816.19152
G1 X128.855 Y104 E816.24474
G1 X128.525 Y104 E816.25571
G1 X128.102 Y104.206 E816.27136
G1 X128.074 Y104.285 E816.27415
G1 X128.003 Y104.139 E816.2763
G1 X127.612 Y104 E816.2901
G1 X125.472 Y104 E816.36128
G0 F9000 X126.228 Y103.155
;TYPE:SKIN
G1 F1500 X126.087 Y103.014 E816.37173
G0 F9000 X126.468 Y103.199
G1 F1500 X126.751 Y103.199 E816.38438
G1 X127.316 Y103.199 E816.40964
G1 X127.685 Y103.395 E816.42832
G0 F9000 X127.657 Y103.424
G0 X128.049 Y104.446
G0 X127.999 Y104.495
G1 F1500 X128.097 Y104.682 E816.43198
G1 X128.084 Y109.502 E816.51543
G1 X128.075 Y115.451 E816.61842
G0 F9000 X127.965 Y115.562
G0 X127.789 Y116.587
G1 F1500 X127.68 Y116.695 E816.62097
G0 F9000 X127.498 Y116.876
G1 F1500 X127.292 Y116.8 E816.63033
G1 X126.216 Y116.744 E816.67625
G1 X126.075 Y116.603 E816.68475
G0 F9000 X126.047 Y116.631
G0 X127.633 Y117.025
G1 F1500 X127.702 Y116.956 E816.68638
G1 F2700 E811.68638
G0 F9000 X126.162 Y115.72
G0 X126.162 Y114.48
G1 F2700 E816.68638
G0 F9000 X125.892 Y114.7
;TYPE:WALL-OUTER
G1 F1500 X125.891 Y105.3 E816.99902
G1 X127.098 Y105.3 E817.03917
G1 X127.098 Y114.7 E817.35181
G1 X125.892 Y114.7 E817.39192
G0 F9000 X126.292 Y114.3
;TYPE:WALL-INNER
G1 F1500 X126.291 Y105.7 E817.67796
G1 X126.698 Y105.7 E817.6915
G1 X126.698 Y114.3 E817.97753
G1 X126.292 Y114.3 E817.99104
G0 F9000 X126.492 Y114.101
G1 F2700 E812.99104
G0 F9000 X126.878 Y114.43
G0 X129.293 Y114.43
G1 F2700 E817.99104
G0 F9000 X129.073 Y114.7
;TYPE:WALL-OUTER
G1 F1500 X129.073 Y105.3 E818.30368
G1 X130.28 Y105.3 E818.34383
G1 X130.281 Y114.7 E818.65647
G1 X129.073 Y114.7 E818.69665
G0 F9000 X129.473 Y114.3
;TYPE:WALL-INNER
G1 F1500 X129.473 Y105.7 E818.98269
G1 X129.88 Y105.7 E818.99623
G1 X129.881 Y114.3 E819.28226
G1 X129.473 Y114.3 E819.29583
G0 F9000 X129.673 Y114.1
G1 F2700 E814.29583
G0 F9000 X129.287 Y114.486
M73 P57
G0 X130.108 Y115.553
G0 X123.012 Y114.747
G0 X122.884 Y115.814
G0 X110.215 Y117.73
G1 F2700 E819.29583
G0 F9000 X109.915 Y118
;TYPE:WALL-OUTER
G1 F1500 X109.916 Y102 E819.82799
G1 X123.098 Y102 E820.26643
G1 X123.098 Y104.4 E820.34625
G1 X112.509 Y104.4 E820.69845
G1 X112.316 Y104.494 E820.70559
G1 X112.255 Y104.666 E820.71166
G1 X112.255 Y115.346 E821.06687
G1 X112.349 Y115.539 E821.07401
G1 X112.521 Y115.6 E821.08008
G1 X123.098 Y115.6 E821.43188
G1 X123.098 Y118 E821.5117
G1 X109.915 Y118 E821.95017
G0 F9000 X110.315 Y117.6
;TYPE:WALL-INNER
G1 F1500 X110.316 Y102.4 E822.45572
G1 X122.698 Y102.4 E822.86755
G1 X122.698 Y104 E822.92077
G1 X112.417 Y104 E823.26271
G1 X111.994 Y104.206 E823.27836
G1 X111.855 Y104.597 E823.29216
G1 X111.855 Y115.438 E823.65274
G1 X112.061 Y115.861 E823.66839
G1 X112.452 Y116 E823.68219
G1 X122.698 Y116 E824.02297
G1 X122.698 Y117.6 E824.07619
G1 X110.315 Y117.6 E824.48805
G0 F9000 X110.715 Y117.2
G1 F1500 X110.716 Y102.8 E824.96699
G1 X122.298 Y102.8 E825.35221
G1 X122.298 Y103.6 E825.37882
G1 X112.325 Y103.6 E825.71052
G1 X111.672 Y103.918 E825.73468
G1 X111.455 Y104.528 E825.75622
G1 X111.455 Y115.53 E826.12214
G1 X111.773 Y116.183 E826.1463
G1 X112.383 Y116.4 E826.16784
G1 X122.298 Y116.4 E826.49761
G1 X122.298 Y117.2 E826.52422
G1 X110.715 Y117.2 E826.90947
G0 F9000 X111.115 Y116.8
G1 F1500 X111.115 Y115.745 E826.94456
G1 X111.485 Y116.505 E826.95325
G1 X112.314 Y116.8 E826.98252
G1 X111.115 Y116.8 E827.00092
G0 F9000 X111.116 Y104.288
G1 F1500 X111.116 Y103.63 E827.02281
G1 X111.116 Y103.2 E827.03711
G1 X112.233 Y103.2 E827.07426
G1 X111.35 Y103.63 E827.08992
G1 X111.116 Y104.288 E827.09744
G0 F9000 X110.986 Y104.539
;TYPE:SKIN
G1 F1500 X111.084 Y104.723 E827.10434
G1 X111.084 Y115.188 E827.45118
G1 X111.107 Y115.449 E827.45986
G0 F9000 X111.279 Y115.277
G0 X112.528 Y116.574
G0 X112.479 Y116.622
G1 F1500 X112.632 Y116.753 E827.46742
G1 X113.716 Y116.799 E827.50814
G1 X121.636 Y116.799 E827.80536
G1 X122.049 Y116.952 E827.82189
G1 F2700 E822.82189
G0 F9000 X122.122 Y116.879
G0 X112.481 Y115.839
G0 X112.179 Y115.729
G0 X112.017 Y115.4
G0 X112.016 Y104.626
G0 X112.126 Y104.324
G0 X112.392 Y104.194
G0 X122 Y103.424
G0 X122.061 Y103.363
G1 F2700 E827.82189
G1 F1500 X121.919 Y103.222 E827.82941
G1 X119.114 Y103.199 E827.93486
G1 X112.608 Y103.199 E828.17941
G1 X112.467 Y103.058 E828.18691
G0 F9000 X112.384 Y103.142
G1 F2700 E823.18691
;MESH:NONMESH
G0 F300 X112.384 Y103.142 Z2.71
G0 F9000 X122.884 Y104.186
G0 X123.012 Y105.253
G0 X131.643 Y104.435
G0 X131.643 Y105.3
M117 Time Left 0h10m40s
M73 P58
;TIME_ELAPSED:902.913293
;LAYER:6
;TYPE:SUPPORT
G1 F2700 E828.18691
G1 F1500 X132.458 Y105.3 E828.21401
G1 X132.458 Y114.7 E828.52666
G1 X131.644 Y114.7 E828.55373
G1 X131.643 Y105.3 E828.86638
G0 F9000 X132 Y105.58
G1 F1500 X131.923 Y105.58 E828.86894
G1 X131.924 Y114.42 E829.16296
G1 X132 Y114.42 E829.16548
G1 X132 Y105.58 E829.4595
G1 X132.178 Y105.58 E829.46542
G1 X132.178 Y114.42 E829.75944
G1 X132 Y114.42 E829.76536
G1 F2700 E824.76536
;MESH:Over_Center_Mechanism_v2.stl
G0 F9000 X132 Y115.565
G0 X130.144 Y118.357
G0 X129.64 Y118.861
G0 X126.135 Y118.853
G0 X125.168 Y118.914
G0 X125.082 Y121.029
G1 F2700 E829.76536
G0 F9000 X125.283 Y121.2
;TYPE:WALL-OUTER
G1 F1500 X87.544 Y121.2 E831.02057
G1 X87.544 Y98.8 E831.7656
G1 X125.283 Y98.8 E833.0208
G1 X125.283 Y101.2 E833.10062
G1 X124.632 Y101.2 E833.12228
G1 X124.439 Y101.294 E833.12942
G1 X124.378 Y101.466 E833.13549
G1 X124.378 Y118.546 E833.70357
G1 X124.472 Y118.739 E833.71071
G1 X124.644 Y118.8 E833.71678
G1 X125.282 Y118.8 E833.738
G1 X125.283 Y121.2 E833.81782
G1 F2700 E828.81782
G0 F9000 X125.113 Y121.03
G0 X123.92 Y118.773
G1 F2700 E833.81782
G0 F9000 X123.732 Y118.706
G1 F1500 X123.793 Y118.534 E833.82389
G1 X123.793 Y101.454 E834.39198
G1 X123.699 Y101.261 E834.39912
G1 X123.527 Y101.2 E834.40519
G1 X90.192 Y101.2 E835.51391
G1 X89.999 Y101.294 E835.52105
G1 X89.938 Y101.466 E835.52712
G1 X89.939 Y118.546 E836.09521
G1 X90.033 Y118.739 E836.10235
G1 X90.205 Y118.8 E836.10842
G1 X123.539 Y118.8 E837.21711
G1 X123.732 Y118.706 E837.22425
G0 F9000 X124.06 Y118.999
G0 X124.883 Y120.8
;TYPE:WALL-INNER
G1 F1500 X87.944 Y120.8 E838.45285
G1 X87.944 Y99.2 E839.17127
G1 X124.883 Y99.2 E840.39986
G1 X124.883 Y100.8 E840.45308
G1 X124.54 Y100.8 E840.46449
G1 X124.117 Y101.006 E840.48013
G1 X124.076 Y101.122 E840.48423
G1 X123.987 Y100.939 E840.48688
G1 X123.596 Y100.8 E840.50068
G1 X90.1 Y100.8 E841.61476
G1 X89.677 Y101.006 E841.63041
G1 X89.538 Y101.397 E841.64422
G1 X89.539 Y118.638 E842.21765
G1 X89.745 Y119.061 E842.2333
G1 X90.136 Y119.2 E842.2471
G1 X123.631 Y119.2 E843.36115
G1 X124.054 Y118.994 E843.3768
G1 X124.095 Y118.878 E843.38089
G1 X124.184 Y119.061 E843.38355
G1 X124.575 Y119.2 E843.39735
G1 X124.882 Y119.2 E843.40756
G1 X124.883 Y120.8 E843.46078
G0 F9000 X124.483 Y120.4
G1 F1500 X88.344 Y120.4 E844.66277
G1 X88.344 Y99.6 E845.35458
G1 X124.483 Y99.6 E846.55656
G1 X124.483 Y100.4 E846.58317
G1 X124.448 Y100.4 E846.58434
G1 X124.117 Y100.561 E846.59658
G1 X123.665 Y100.4 E846.61254
G1 X90.008 Y100.4 E847.73197
G1 X89.355 Y100.718 E847.75613
G1 X89.138 Y101.328 E847.77767
G1 X89.139 Y118.73 E848.35646
G1 X89.457 Y119.383 E848.38062
G1 X90.067 Y119.6 E848.40215
G1 X123.723 Y119.6 E849.52155
G1 X124.054 Y119.439 E849.5338
G1 X124.482 Y119.592 E849.54891
G1 X124.483 Y120.4 E849.57579
G0 F9000 X124.083 Y120
M73 P59
G1 F1500 X123.815 Y120 E849.5847
G1 X124.077 Y119.873 E849.58676
G1 X124.083 Y120
G0 F9000 X124.083 Y100.124
G1 F1500 X123.734 Y100 E849.59908
G1 X89.916 Y100
G1 X89.033 Y100.43 E849.63174
G1 X88.744 Y101.242 E849.66041
G1 X88.744 Y100.43 E849.66993
G1 X88.744 Y100 E849.68324
G1 X89.916 Y100 E849.72222
G1 X124.083 Y100 E849.72803
G1 X124.083 Y100.124
G1 F2700 E844.72803
G0 F9000 X123.932 Y118.557
G0 X123.842 Y118.804
G0 X89.998 Y120
G1 F2700 E849.72803
G1 F1500 X89.169 Y120 E849.7556
G1 X88.744 Y120 E849.76974
G1 X88.744 Y118.832 E849.80858
G1 X89.169 Y119.705 E849.82353
G1 X89.998 Y120 E849.83513
G0 F9000 X90.139 Y120.12
;TYPE:SKIN
G1 F1500 X90.243 Y120.224 E849.83757
G0 F9000 X90.3 Y119.999
G1 F1500 X90.583 Y119.999 E849.84811
G1 X123.393 Y119.999 E851.06947
G1 X123.757 Y119.797 E851.08497
G0 F9000 X123.78 Y119.82
G0 X124.091 Y118.717
G0 X124.024 Y118.65
G1 F1500 X124.084 Y118.427 E851.0895
G1 X124.084 Y101.739 E851.41715
G1 X124.213 Y101.303 E851.42607
G0 F9000 X124.218 Y101.322
G0 X123.692 Y100.216
G1 F1500 X123.597 Y100.121 E851.42831
G0 F9000 X123.403 Y99.927
G1 F1500 X123.566 Y99.807 E851.43709
G0 F9000 X123.192 Y99.999
G1 F1500 X122.909 Y99.999 E851.44776
G1 X105.655 Y99.998 E852.09822
G1 X90.382 Y99.998 E852.674
G1 X90.005 Y100.187 E852.6899
G0 F9000 X89.969 Y100.151
G0 X88.955 Y100.307
G0 X88.957 Y100.271
G1 F1500 X88.918 Y100.232 E852.69082
G0 F9000 X88.909 Y100.155
G0 X88.883 Y101.328
G0 X88.923 Y101.368
G1 F1500 X88.812 Y101.54 E852.69839
G1 X88.741 Y102.317 E852.72724
G1 X88.741 Y118.44 E853.32356
G1 X88.607 Y118.588 E853.33095
G0 F9000 X88.695 Y118.677
G0 X88.854 Y119.749
G0 X88.919 Y119.749
G1 F1500 X88.994 Y119.824 E853.33271
G0 F9000 X89.324 Y119.916
G1 F2700 E848.33271
G0 F9000 X123.562 Y118.9
G0 X125.243 Y117.886
G1 F2700 E853.33271
G0 F9000 X125.129 Y118
;TYPE:WALL-OUTER
G1 F1500 X125.129 Y115.6 E853.41253
G1 X127.489 Y115.6 E853.49103
G1 X127.682 Y115.506 E853.49817
G1 X127.743 Y115.334 E853.50424
G1 X127.743 Y104.654 E853.85946
G1 X127.649 Y104.461 E853.8666
G1 X127.477 Y104.4 E853.87267
G1 X125.128 Y104.4 E853.95079
G1 X125.129 Y102 E854.03062
G1 X129.283 Y102 E854.16878
G1 X129.283 Y104.4 E854.2486
G1 X128.683 Y104.4 E854.26856
G1 X128.49 Y104.494 E854.2757
G1 X128.429 Y104.666 E854.28177
G1 X128.429 Y115.346 E854.63699
G1 X128.523 Y115.539 E854.64413
G1 X128.695 Y115.6 E854.6502
G1 X129.282 Y115.6 E854.66972
G1 X129.283 Y118 E854.74955
G1 X125.129 Y118 E854.88771
G0 F9000 X125.529 Y117.6
;TYPE:WALL-INNER
G1 F1500 X125.529 Y116 E854.94093
G1 X127.581 Y116 E855.00918
G1 X128.004 Y115.794 E855.02482
G1 X128.088 Y115.559 E855.03313
G1 X128.235 Y115.861 E855.038
G1 X128.626 Y116 E855.0518
G1 X128.882 Y116 E855.06032
G1 X128.883 Y117.6 E855.11353
M73 P60
G1 X125.529 Y117.6 E855.22509
G0 F9000 X125.929 Y117.2
G1 F1500 X125.929 Y116.4 E855.2517
G1 X127.673 Y116.4 E855.3097
G1 X128.046 Y116.218 E855.32351
G1 X128.482 Y116.373 E855.3389
G1 X128.483 Y117.2 E855.3664
G1 X125.929 Y117.2 E855.45135
G0 F9000 X127.765 Y116.8
G1 F1500 X128.07 Y116.651 E855.46264
G1 X128.083 Y116.8
G1 X127.765 Y116.8 E855.46456
G0 F9000 X127.83 Y115.983
G0 X128.084 Y104.441
G1 F1500 X127.937 Y104.139 E855.47573
G1 X127.546 Y104 E855.48953
G1 X125.528 Y104 E855.55665
G1 X125.529 Y102.4 E855.60987
G1 X128.883 Y102.4 E855.72142
G1 X128.883 Y104 E855.77464
G1 X128.591 Y104 E855.78435
G1 X128.168 Y104.206 E855.79734
G1 X128.084 Y104.441 E855.79935
G0 F9000 X128.083 Y103.342
G1 F1500 X127.684 Y103.2 E855.81344
G1 X128.083 Y103.2 E855.81563
G1 X128.083 Y103.342 E855.81629
G0 F9000 X125.928 Y103.6
G1 F1500 X125.929 Y102.8 E855.8429
G1 X128.483 Y102.8 E855.92785
G1 X128.483 Y103.608 E855.95472
G1 X128.126 Y103.782 E855.96793
G1 X127.615 Y103.6 E855.98597
G1 X125.928 Y103.6 E856.04208
G0 F9000 X126.335 Y103.424
;TYPE:SKIN
G1 F1500 X126.102 Y103.192 E856.04755
G0 F9000 X126.393 Y103.199
G1 F1500 X126.675 Y103.199 E856.06199
G1 X127.241 Y103.199 E856.09099
G1 X127.41 Y103.085 E856.10143
G0 F9000 X127.521 Y103.196
G0 X128.612 Y103.722
G1 F1500 X128.707 Y103.817 E856.10366
G0 F9000 X128.078 Y104.602
G0 X128.165 Y104.689
G1 F1500 X128.084 Y104.891 E856.10986
G1 X128.084 Y115.074 E856.39963
G1 X128.02 Y115.292 E856.4061
G0 F9000 X128.62 Y116.175
G1 F1500 X128.706 Y116.261 E856.40812
G0 F9000 X127.688 Y116.657
G0 X127.646 Y116.616
G1 F1500 X127.469 Y116.721 E856.41605
G1 X126.982 Y116.799 E856.43505
G1 X126.23 Y116.896 E856.46425
G0 F9000 X126.103 Y116.769
G1 F2700 E851.46425
G0 F9000 X126.028 Y115.72
G0 X126.028 Y114.48
G1 F2700 E856.46425
G0 F9000 X125.728 Y114.7
;TYPE:WALL-OUTER
G1 F1500 X125.728 Y105.3 E856.7769
G1 X127.042 Y105.3 E856.8206
G1 X127.042 Y114.7 E857.13325
G1 X125.728 Y114.7 E857.17695
G0 F9000 X126.128 Y114.3
;TYPE:WALL-INNER
G1 F1500 X126.128 Y105.7 E857.46299
G1 X126.642 Y105.7 E857.48008
G1 X126.642 Y114.3 E857.76612
G1 X126.128 Y114.3 E857.78322
G0 F9000 X126.383 Y113.938
;TYPE:SKIN
G1 F1500 X126.383 Y113.656 E857.78726
G1 X126.383 Y106.019 E857.89663
G0 F9000 X126.328 Y105.937
G1 F2700 E852.89663
G0 F9000 X126.822 Y114.43
G0 X129.349 Y114.43
G1 F2700 E857.89663
G0 F9000 X129.129 Y114.7
;TYPE:WALL-OUTER
G1 F1500 X129.129 Y105.3 E858.20928
G1 X130.443 Y105.3 E858.25298
G1 X130.444 Y114.7 E858.56562
G1 X129.129 Y114.7 E858.60936
G0 F9000 X129.529 Y114.3
;TYPE:WALL-INNER
G1 F1500 X129.529 Y105.7 E858.8954
G1 X130.043 Y105.7 E858.91249
G1 X130.044 Y114.3 E859.19853
G1 X129.529 Y114.3 E859.21566
G0 F9000 X129.785 Y113.945
;TYPE:SKIN
G1 F1500 X129.785 Y113.663 E859.21968
G1 X129.785 Y106.026 E859.32863
M73 P61
G0 F9000 X129.729 Y105.944
G1 F2700 E854.32863
G0 F9000 X129.343 Y114.486
G0 X130.135 Y115.553
G0 X122.94 Y114.747
G0 X122.828 Y115.814
G0 X110.188 Y117.73
G1 F2700 E859.32863
G0 F9000 X109.888 Y118
;TYPE:WALL-OUTER
G1 F1500 X109.888 Y102 E859.86079
G1 X123.042 Y102 E860.2983
G1 X123.042 Y104.4 E860.37812
G1 X112.536 Y104.4 E860.72755
G1 X112.343 Y104.494 E860.73469
G1 X112.282 Y104.666 E860.74076
G1 X112.283 Y115.346 E861.09598
G1 X112.377 Y115.539 E861.10312
G1 X112.549 Y115.6 E861.10919
G1 X123.042 Y115.6 E861.45819
G1 X123.042 Y118 E861.53801
G1 X109.888 Y118 E861.97552
G0 F9000 X110.288 Y117.6
;TYPE:WALL-INNER
G1 F1500 X110.288 Y102.4 E862.48107
G1 X122.642 Y102.4 E862.89197
G1 X122.642 Y104 E862.94518
G1 X112.444 Y104 E863.28437
G1 X112.021 Y104.206 E863.30002
G1 X111.882 Y104.597 E863.31382
G1 X111.883 Y115.438 E863.67439
G1 X112.089 Y115.861 E863.69004
G1 X112.48 Y116 E863.70384
G1 X122.642 Y116 E864.04183
G1 X122.642 Y117.6 E864.09505
G1 X110.288 Y117.6 E864.50594
G0 F9000 X110.688 Y117.2
G1 F1500 X110.688 Y102.8 E864.98489
G1 X122.242 Y102.8 E865.36918
G1 X122.242 Y103.6 E865.39579
G1 X112.352 Y103.6 E865.72473
G1 X111.699 Y103.918 E865.74889
G1 X111.482 Y104.528 E865.77042
G1 X111.483 Y115.53 E866.13635
G1 X111.801 Y116.183 E866.16051
G1 X112.411 Y116.4 E866.18204
G1 X122.242 Y116.4 E866.50902
G1 X122.242 Y117.2 E866.53563
G1 X110.688 Y117.2 E866.91992
G0 F9000 X111.088 Y116.8
G1 F1500 X111.088 Y115.632 E866.95876
G1 X111.513 Y116.505 E866.97371
G1 X112.342 Y116.8 E867.00298
G1 X111.513 Y116.8 E867.0129
G1 X111.088 Y116.8 E867.02611
G0 F9000 X111.088 Y104.442
G1 F1500 X111.088 Y103.63 E867.05312
G1 X111.088 Y103.2 E867.06742
G1 X112.26 Y103.2 E867.1064
G1 X111.377 Y103.63 E867.12161
G1 X111.088 Y104.442 E867.13277
G0 F9000 X111.114 Y104.609
;TYPE:SKIN
G1 F1500 X111.307 Y104.801 E867.1373
G0 F9000 X111.084 Y104.861
G1 F1500 X111.084 Y105.144 E867.14786
G1 X111.084 Y115.327 E867.5278
G1 X110.915 Y115.44 E867.53538
G0 F9000 X110.862 Y115.387
G0 X112.376 Y116.619
G1 F1500 X112.411 Y116.654 E867.53621
G0 F9000 X112.646 Y116.889
G1 F1500 X112.839 Y116.799 E867.54434
G1 X121.607 Y116.799 E867.87945
G1 X122.007 Y116.633 E867.896
G0 F9000 X122.066 Y116.692
G0 X112.498 Y117.024
G1 F1500 X112.469 Y116.995 E867.89668
G0 F9000 X112.045 Y115.4
G0 X112.043 Y104.626
G0 X112.475 Y103.424
G0 X112.424 Y103.373
G1 F1500 X112.573 Y103.239 E867.90418
G1 X113.947 Y103.199 E867.95559
G1 X121.584 Y103.199 E868.24126
G1 X121.995 Y103.045 E868.25767
G0 F9000 X122.066 Y103.115
G0 X111.392 Y103.504
G0 X111.361 Y103.441
G1 F1500 X111.294 Y103.374 E868.25925
G0 F9000 X111.004 Y103.189
G1 F2700 E863.25925
;MESH:NONMESH
G0 F300 X111.004 Y103.189 Z2.91
G0 F9000 X122.828 Y104.186
G0 X122.94 Y105.253
G0 X132.253 Y104.435
G0 X132.253 Y105.1
M117 Time Left 0h09m33s
M73 P62
;TIME_ELAPSED:969.204643
;LAYER:7
;TYPE:SUPPORT-INTERFACE
G1 F2700 E868.25925
G1 F1500 X132.657 Y105.504 E868.27825
G0 F9000 X132.487 Y105.1
G1 F1500 X131.582 Y106.005 E868.32082
G0 F9000 X131.581 Y107.823
G1 F1500 X132.657 Y108.898 E868.37141
G0 F9000 X132.657 Y108.324
G1 F1500 X131.582 Y109.399 E868.42197
G0 F9000 X131.581 Y111.217
G1 F1500 X132.657 Y112.292 E868.47256
G0 F9000 X132.657 Y111.718
G1 F1500 X131.582 Y112.793 E868.52313
G0 F9000 X131.581 Y114.611
G1 F1500 X131.87 Y114.899 E868.5367
G1 F2700 E863.5367
;MESH:Over_Center_Mechanism_v2.stl
G0 F9000 X131.87 Y115.565
G0 X130.142 Y118.357
G0 X129.638 Y118.861
G0 X126.134 Y118.853
G0 X125.167 Y118.914
G0 X125.081 Y121.03
G1 F2700 E868.5367
G0 F9000 X125.281 Y121.2
;TYPE:WALL-OUTER
G1 F1500 X87.546 Y121.2 E869.79177
G1 X87.546 Y98.8 E870.5368
G1 X125.281 Y98.8 E871.79187
G1 X125.281 Y101.2 E871.87169
G1 X124.631 Y101.2 E871.89331
G1 X124.438 Y101.294 E871.90045
G1 X124.377 Y101.466 E871.90652
G1 X124.376 Y118.546 E872.4746
G1 X124.47 Y118.739 E872.48174
G1 X124.642 Y118.8 E872.48781
G1 X125.281 Y118.8 E872.50907
G1 X125.281 Y121.2 E872.58889
G1 F2700 E867.58889
G0 F9000 X125.111 Y121.03
G0 X123.921 Y118.773
G1 F2700 E872.58889
G0 F9000 X123.733 Y118.706
G1 F1500 X123.794 Y118.534 E872.59496
G1 X123.795 Y101.454 E873.16304
G1 X123.701 Y101.261 E873.17018
G1 X123.529 Y101.2 E873.17625
G1 X90.191 Y101.2 E874.28508
G1 X89.998 Y101.294 E874.29222
G1 X89.937 Y101.466 E874.29829
G1 X89.937 Y118.546 E874.86637
G1 X90.031 Y118.739 E874.87351
G1 X90.203 Y118.8 E874.87958
G1 X123.54 Y118.8 E875.98838
G1 X123.733 Y118.706 E875.99552
G0 F9000 X124.061 Y118.999
G0 X124.881 Y120.8
;TYPE:WALL-INNER
G1 F1500 X87.946 Y120.8 E877.22398
G1 X87.946 Y99.2 E877.9424
G1 X124.881 Y99.2 E879.17086
G1 X124.881 Y100.8 E879.22408
G1 X124.539 Y100.8 E879.23545
G1 X124.116 Y101.006 E879.2511
G1 X124.076 Y101.118 E879.25506
G1 X123.989 Y100.939 E879.25766
G1 X123.598 Y100.8 E879.27146
G1 X90.099 Y100.8 E880.38565
G1 X89.676 Y101.006 E880.40129
G1 X89.537 Y101.397 E880.4151
G1 X89.537 Y118.638 E880.98853
G1 X89.743 Y119.061 E881.00418
G1 X90.134 Y119.2 E881.01799
G1 X123.632 Y119.2 E882.13213
G1 X124.055 Y118.994 E882.14778
G1 X124.095 Y118.882 E882.15174
G1 X124.182 Y119.061 E882.15434
G1 X124.573 Y119.2 E882.16815
G1 X124.881 Y119.2 E882.17839
G1 X124.881 Y120.8 E882.23161
G0 F9000 X124.481 Y120.4
G1 F1500 X88.346 Y120.4 E883.43346
M73 P63
G1 X88.346 Y99.6 E884.12527
G1 X124.481 Y99.6 E885.32713
G1 X124.481 Y100.4 E885.35373
G1 X124.447 Y100.4 E885.35487
G1 X124.118 Y100.56 E885.36703
G1 X123.667 Y100.4 E885.38295
G1 X90.007 Y100.4 E886.50249
G1 X89.354 Y100.718 E886.52664
G1 X89.137 Y101.328 E886.54818
G1 X89.137 Y118.73 E887.12697
G1 X89.455 Y119.383 E887.15113
G1 X90.065 Y119.6 E887.17266
G1 X123.724 Y119.6 E888.29216
G1 X124.053 Y119.44 E888.30433
G1 X124.481 Y119.592 E888.31944
G1 X124.481 Y120.4 E888.34631
G0 F9000 X124.081 Y120
G1 F1500 X123.816 Y120 E888.35513
G1 X124.077 Y119.873 E888.35721
G1 X124.081 Y120
G0 F9000 X124.081 Y100.122
G1 F1500 X123.736 Y100 E888.36938
G1 X89.915 Y100
G1 X89.032 Y100.43 E888.40205
G1 X88.746 Y101.234 E888.43043
G1 X88.746 Y100.43 E888.43975
G1 X88.746 Y100 E888.45304
G1 X89.915 Y100 E888.49192
G1 X124.081 Y100 E888.49765
G1 X124.081 Y100.122
G1 F2700 E883.49765
G0 F9000 X123.933 Y118.557
G0 X123.843 Y118.804
G0 X89.996 Y120
G1 F2700 E888.49765
G1 F1500 X89.167 Y120 E888.52523
G1 X88.746 Y120 E888.53923
G1 X88.746 Y118.84 E888.57781
G1 X89.167 Y119.705 E888.59261
G1 X89.996 Y120 E888.60421
G0 F9000 X90.061 Y119.806
;TYPE:SKIN
G1 F1500 X90.269 Y119.882 E888.61091
G0 F9000 X90.435 Y119.998
G1 F1500 X90.718 Y119.998 E888.62152
G1 X107.688 Y119.999 E889.25801
G1 X123.527 Y119.999 E889.85208
G1 X123.633 Y120.176 E889.85982
G0 F9000 X123.586 Y120.224
G0 X124.62 Y119.472
G1 F1500 X124.705 Y119.387 E889.86182
G0 F9000 X123.948 Y118.73
G0 X124.074 Y118.604
G1 F1500 X124.084 Y118.311 E889.86759
G1 X124.084 Y101.623 E890.19606
G1 X124.06 Y101.364 E890.20118
G0 F9000 X124.152 Y101.273
G0 X123.503 Y100.224
G0 X123.554 Y100.173
G1 F1500 X123.409 Y100.036 E890.20866
G1 X121.749 Y99.999 E890.27092
G1 X90.353 Y99.999 E891.4482
G1 X90.187 Y99.882 E891.45581
G0 F9000 X90.078 Y99.991
G0 X89.103 Y100.194
G0 X89.019 Y100.201
G1 F1500 X88.947 Y100.274 E891.45752
G0 F9000 X88.954 Y100.307
G0 X88.961 Y101.391
G1 F1500 X88.521 Y101.831 E891.46786
G0 F9000 X88.603 Y101.466
G1 F1500 X88.741 Y101.894 E891.4841
G1 X88.741 Y118.299 E892.07651
G1 X88.917 Y118.688 E892.09193
G0 F9000 X88.873 Y118.733
G0 X89.051 Y119.719
G0 X88.992 Y119.745
G1 F1500 X88.92 Y119.817 E892.09362
G0 F9000 X88.751 Y120.107
G1 F2700 E887.09362
G0 F9000 X123.563 Y118.9
G0 X125.243 Y117.886
M73 P64
G1 F2700 E892.09362
G0 F9000 X125.129 Y118
;TYPE:WALL-OUTER
G1 F1500 X125.128 Y115.6 E892.17345
G1 X127.49 Y115.6 E892.25201
G1 X127.683 Y115.506 E892.25915
G1 X127.744 Y115.334 E892.26522
G1 X127.745 Y104.654 E892.62044
G1 X127.651 Y104.461 E892.62758
G1 X127.479 Y104.4 E892.63365
G1 X125.128 Y104.4 E892.71184
G1 X125.128 Y102 E892.79167
G1 X129.281 Y102 E892.92979
G1 X129.281 Y104.4 E893.00962
G1 X128.682 Y104.4 E893.02954
G1 X128.489 Y104.494 E893.03668
G1 X128.428 Y104.666 E893.04275
G1 X128.427 Y115.346 E893.39797
G1 X128.521 Y115.539 E893.40511
G1 X128.693 Y115.6 E893.41118
G1 X129.281 Y115.6 E893.43074
G1 X129.281 Y118 E893.51056
G1 X125.129 Y118 E893.64866
G0 F9000 X125.529 Y117.6
;TYPE:WALL-INNER
G1 F1500 X125.528 Y116 E893.70187
G1 X127.582 Y116 E893.77019
G1 X128.005 Y115.794 E893.78584
G1 X128.087 Y115.562 E893.79402
G1 X128.233 Y115.861 E893.79883
G1 X128.624 Y116 E893.81264
G1 X128.881 Y116 E893.82118
G1 X128.881 Y117.6 E893.8744
G1 X125.529 Y117.6 E893.98589
G0 F9000 X125.929 Y117.2
G1 F1500 X125.928 Y116.4 E894.0125
G1 X127.674 Y116.4 E894.07057
G1 X128.046 Y116.219 E894.08433
G1 X128.481 Y116.374 E894.09969
G1 X128.481 Y117.2 E894.12716
G1 X125.929 Y117.2 E894.21204
G0 F9000 X127.766 Y116.8
G1 F1500 X128.07 Y116.652 E894.22328
G1 X128.081 Y116.8
G1 X127.766 Y116.8 E894.22515
G0 F9000 X127.831 Y115.983
G0 X128.085 Y104.438
G1 F1500 X127.939 Y104.139 E894.23621
G1 X127.548 Y104 E894.25002
G1 X125.528 Y104 E894.3172
G1 X125.528 Y102.4 E894.37042
G1 X128.881 Y102.4 E894.48194
G1 X128.881 Y104 E894.53515
G1 X128.59 Y104 E894.54483
G1 X128.167 Y104.206 E894.56048
G1 X128.085 Y104.438 E894.56242
G0 F9000 X128.081 Y103.34
G1 F1500 X127.686 Y103.2 E894.57636
G1 X128.081 Y103.2 E894.5785
G1 X128.081 Y103.34 E894.57909
G0 F9000 X125.928 Y103.6
G1 F1500 X125.928 Y102.8 E894.6057
G1 X128.481 Y102.8 E894.69061
G1 X128.481 Y103.608 E894.71749
G1 X128.126 Y103.781 E894.73062
G1 X127.617 Y103.6 E894.74859
G1 X125.928 Y103.6 E894.80477
G0 F9000 X126.468 Y103.199
;TYPE:SKIN
G1 F1500 X126.75 Y103.199 E894.81878
G1 X127.316 Y103.199 E894.8469
G1 X127.439 Y103.359 E894.85693
G0 F9000 X127.505 Y103.294
G0 X126.41 Y102.975
G1 F1500 X126.101 Y103.283 E894.86419
G0 F9000 X127.749 Y104.351
G0 X127.944 Y104.859
G0 X128.052 Y104.726
G1 F1500 X128.085 Y104.976 E894.87046
G1 X128.085 Y115.159 E895.12381
G1 X128.189 Y115.337 E895.12894
G1 X128.072 Y116.02 E895.14618
M73 P65
G1 X128.687 Y116.254 E895.16255
G0 F9000 X128.705 Y116.236
G0 X127.518 Y116.575
G0 X127.292 Y116.8
G1 F1500 X127.009 Y116.8 E895.17724
G1 X126.244 Y116.716 E895.2172
G0 F9000 X126.103 Y116.858
G0 X127.35 Y117.025
G1 F1500 X127.596 Y116.78 E895.22297
G0 F9000 X127.883 Y115.357
G0 X128.289 Y104.643
G0 X128.671 Y103.825
G1 F1500 X128.704 Y103.791 E895.22376
G1 F2700 E890.22376
G0 F9000 X128.331 Y104.557
G0 X127.864 Y114.402
G0 X126.823 Y114.402
G0 X125.859 Y114.4
G1 F2700 E895.22376
G0 F9000 X125.589 Y114.7
;TYPE:WALL-OUTER
G1 F1500 X125.588 Y105.3 E895.53641
G1 X127.043 Y105.3 E895.5848
G1 X127.043 Y114.7 E895.89744
G1 X125.589 Y114.7 E895.9458
G0 F9000 X125.989 Y114.3
;TYPE:WALL-INNER
G1 F1500 X125.988 Y105.7 E896.23184
G1 X126.643 Y105.7 E896.25363
G1 X126.643 Y114.3 E896.53966
G1 X125.989 Y114.3 E896.56142
G0 F9000 X126.378 Y114.036
;TYPE:SKIN
G1 F1500 X126.314 Y113.818 E896.56731
G1 X126.314 Y106.181 E896.76542
G1 X126.25 Y105.963 E896.77131
G0 F9000 X126.189 Y106.052
G1 F2700 E891.77131
G0 F9000 X126.823 Y114.43
G0 X129.348 Y114.43
G1 F2700 E896.77131
G0 F9000 X129.128 Y114.7
;TYPE:WALL-OUTER
G1 F1500 X129.128 Y105.3 E897.08396
G1 X130.583 Y105.3 E897.13235
G1 X130.583 Y114.7 E897.44499
G1 X129.128 Y114.7 E897.49339
G0 F9000 X129.528 Y114.3
;TYPE:WALL-INNER
G1 F1500 X129.528 Y105.7 E897.77943
G1 X130.183 Y105.7 E897.80121
G1 X130.183 Y114.3 E898.08725
G1 X129.528 Y114.3 E898.10903
G0 F9000 X129.854 Y113.955
;TYPE:SKIN
G1 F1500 X129.854 Y113.672 E898.11645
G1 X129.854 Y106.035 E898.31657
G1 X129.717 Y105.89 E898.3218
G0 F9000 X129.702 Y105.905
G0 X130.007 Y114.086
G1 F1500 X129.967 Y114.125 E898.32273
G0 F9000 X129.967 Y114.1
G1 F2700 E893.32273
G0 F9000 X129.342 Y114.486
G0 X130.134 Y115.553
G0 X122.941 Y114.747
G0 X122.828 Y115.814
G0 X110.19 Y117.73
G1 F2700 E898.32273
G0 F9000 X109.89 Y118
;TYPE:WALL-OUTER
G1 F1500 X109.89 Y102 E898.85489
G1 X123.042 Y102 E899.29232
G1 X123.043 Y104.4 E899.37215
G1 X112.535 Y104.4 E899.72165
G1 X112.342 Y104.494 E899.72879
G1 X112.281 Y104.666 E899.73486
G1 X112.281 Y115.346 E900.09007
G1 X112.375 Y115.539 E900.09721
G1 X112.547 Y115.6 E900.10328
G1 X123.042 Y115.6 E900.45235
G1 X123.043 Y118 E900.53217
M73 P66
G1 X109.89 Y118 E900.96964
G0 F9000 X110.29 Y117.6
;TYPE:WALL-INNER
G1 F1500 X110.29 Y102.4 E901.4752
G1 X122.642 Y102.4 E901.88603
G1 X122.643 Y104 E901.93924
G1 X112.443 Y104 E902.2785
G1 X112.02 Y104.206 E902.29415
G1 X111.881 Y104.597 E902.30795
G1 X111.881 Y115.438 E902.66852
G1 X112.087 Y115.861 E902.68417
G1 X112.478 Y116 E902.69797
G1 X122.642 Y116 E903.03603
G1 X122.643 Y117.6 E903.08924
G1 X110.29 Y117.6 E903.50011
G0 F9000 X110.69 Y117.2
G1 F1500 X110.69 Y102.8 E903.97905
G1 X122.242 Y102.8 E904.36327
G1 X122.243 Y103.6 E904.38988
G1 X112.351 Y103.6 E904.71889
G1 X111.698 Y103.918 E904.74305
G1 X111.481 Y104.528 E904.76458
G1 X111.481 Y115.53 E905.13051
G1 X111.799 Y116.183 E905.15467
G1 X112.409 Y116.4 E905.1762
G1 X122.242 Y116.4 E905.50325
G1 X122.243 Y117.2 E905.52986
G1 X110.69 Y117.2 E905.91411
G0 F9000 X111.09 Y116.8
G1 F1500 X111.09 Y115.64 E905.95269
G1 X111.511 Y116.505 E905.96749
G1 X112.34 Y116.8 E905.99676
G1 X111.511 Y116.8 E906.00668
G1 X111.09 Y116.8 E906.01977
G0 F9000 X111.09 Y104.434
G1 F1500 X111.09 Y103.63 E906.04651
G1 X111.09 Y103.2 E906.06081
G1 X112.259 Y103.2 E906.0997
G1 X111.376 Y103.63 E906.11493
G1 X111.09 Y104.434 E906.12588
G0 F9000 X110.953 Y104.572
;TYPE:SKIN
G1 F1500 X110.865 Y104.66 E906.12795
G0 F9000 X111.085 Y104.723
G1 F1500 X111.085 Y105.006 E906.13829
G1 X111.085 Y115.188 E906.51019
G1 X111.278 Y115.56 E906.52549
G0 F9000 X111.251 Y115.587
G0 X112.437 Y116.664
G0 X112.482 Y116.619
G1 F1500 X112.648 Y116.737 E906.53309
G1 X113.434 Y116.799 E906.56249
G1 X121.636 Y116.799 E906.8684
G1 X122.021 Y116.98 E906.88426
G1 F2700 E901.88426
G0 F9000 X121.976 Y117.025
G0 X112.507 Y115.839
G0 X112.205 Y115.729
G0 X112.043 Y115.4
G0 X112.042 Y104.626
G0 X112.152 Y104.324
G0 X112.418 Y104.194
G0 X122 Y103.424
G0 X122.033 Y103.391
G1 F2700 E906.88426
G1 F1500 X121.891 Y103.25 E906.89175
G1 X120.811 Y103.199 E906.93219
G1 X112.609 Y103.199 E907.23899
G1 X112.477 Y103.047 E907.24652
G0 F9000 X112.404 Y103.121
G0 X111.252 Y103.355
G0 X111.302 Y103.374
G1 F1500 X111.264 Y103.412 E907.24741
G0 F9000 X111.003 Y103.189
G1 F2700 E902.24741
;MESH:NONMESH
G0 F300 X111.003 Y103.189 Z3.11
G0 F9000 X122.829 Y104.186
G0 X122.942 Y105.253
G0 X131.901 Y104.435
G0 X131.901 Y105.3
M117 Time Left 0h08m27s
M73 P67
;TIME_ELAPSED:1035.526803
;LAYER:8
;TYPE:SUPPORT
G1 F2700 E907.24741
G1 F1500 X132.458 Y105.3 E907.26594
G1 X132.458 Y114.7 E907.57858
G1 X131.902 Y114.7 E907.59707
G1 X131.901 Y105.3 E907.90972
G1 F2700 E902.90972
;MESH:Over_Center_Mechanism_v2.stl
G0 F9000 X131.901 Y104.435
G0 X132.815 Y104.439
G0 X133.319 Y104.943
G0 X133.319 Y115.057
G0 X129.613 Y118.861
G0 X126.108 Y118.853
G0 X125.141 Y118.914
G0 X125.055 Y121.029
G1 F2700 E907.90972
G0 F9000 X125.256 Y121.2
;TYPE:WALL-OUTER
G1 F1500 X87.572 Y121.2 E909.1631
G1 X87.571 Y98.8 E909.90812
G1 X125.255 Y98.8 E911.1615
G1 X125.256 Y101.2 E911.24132
G1 X124.559 Y101.2 E911.2645
G1 X124.366 Y101.294 E911.27164
G1 X124.305 Y101.466 E911.27771
G1 X124.304 Y118.546 E911.8458
G1 X124.398 Y118.739 E911.85294
G1 X124.57 Y118.8 E911.85901
G1 X125.255 Y118.8 E911.88179
G1 X125.256 Y121.2 E911.96161
G1 F2700 E906.96161
G0 F9000 X125.086 Y121.03
G0 X123.993 Y118.773
G1 F2700 E911.96161
G0 F9000 X123.805 Y118.706
G1 F1500 X123.866 Y118.534 E911.96768
G1 X123.867 Y101.454 E912.53577
G1 X123.773 Y101.261 E912.54291
G1 X123.601 Y101.2 E912.54898
G1 X90.165 Y101.2 E913.66106
G1 X89.972 Y101.294 E913.6682
G1 X89.911 Y101.466 E913.67427
G1 X89.912 Y118.546 E914.24236
G1 X90.006 Y118.739 E914.2495
G1 X90.178 Y118.8 E914.25557
G1 X123.612 Y118.8 E915.36759
G1 X123.805 Y118.706 E915.37473
G0 F9000 X124.105 Y119.067
G0 X124.856 Y120.8
;TYPE:WALL-INNER
G1 F1500 X87.972 Y120.8 E916.60149
G1 X87.971 Y99.2 E917.31991
G1 X124.855 Y99.2 E918.54668
G1 X124.856 Y100.8 E918.59989
G1 X124.467 Y100.8 E918.61283
G1 X124.084 Y100.986 E918.62699
G1 X124.061 Y100.939 E918.62873
G1 X123.67 Y100.8 E918.64254
G1 X90.073 Y100.8 E919.75998
G1 X89.65 Y101.006 E919.77563
G1 X89.511 Y101.397 E919.78943
G1 X89.512 Y118.638 E920.36287
G1 X89.718 Y119.061 E920.37851
G1 X90.109 Y119.2 E920.39232
G1 X123.704 Y119.2 E921.50969
G1 X124.087 Y119.014 E921.52385
G1 X124.11 Y119.061 E921.52559
G1 X124.501 Y119.2 E921.53939
G1 X124.855 Y119.2 E921.55117
G1 X124.856 Y120.8 E921.60438
G0 F9000 X124.456 Y120.4
G1 F1500 X88.372 Y120.4 E922.80454
G1 X88.371 Y99.6 E923.49635
G1 X124.455 Y99.6 E924.69651
G1 X124.456 Y100.4 E924.72312
G1 X124.375 Y100.4 E924.72582
G1 X124.106 Y100.531 E924.73577
G1 X123.739 Y100.4 E924.74873
G1 X89.981 Y100.4 E925.87152
G1 X89.328 Y100.718 E925.89568
G1 X89.111 Y101.328 E925.91721
G1 X89.112 Y118.73 E926.49601
G1 X89.43 Y119.383 E926.52016
G1 X90.04 Y119.6 E926.5417
G1 X123.796 Y119.6 E927.66443
G1 X124.065 Y119.469 E927.67438
G1 X124.432 Y119.6 E927.68734
G1 X124.455 Y119.6 E927.68811
G1 X124.456 Y120.4 E927.71471
G0 F9000 X124.055 Y120
G1 F1500 X123.888 Y120 E927.72027
G1 X124.055 Y119.919 E927.7213
M73 P68
G1 X124.055 Y120
G0 F9000 X124.056 Y100.088
G1 F1500 X123.808 Y100 E927.73005
G1 X89.889 Y100
G1 X89.006 Y100.43 E927.76272
G1 X88.771 Y101.09 E927.78602
G1 X88.771 Y100.43 E927.79225
G1 X88.771 Y100 E927.80508
G1 X89.889 Y100 E927.84227
G1 X124.055 Y100 E927.84637
G1 X124.056 Y100.088
G1 F2700 E922.84637
G0 F9000 X124.005 Y118.557
G0 X123.915 Y118.804
G0 X89.971 Y120
G1 F2700 E927.84637
G1 F1500 X88.772 Y120 E927.88625
G1 X88.772 Y118.945 E927.92134
G1 X89.142 Y119.705 E927.93293
G1 X89.971 Y120 E927.9439
G0 F9000 X90.115 Y120.097
;TYPE:SKIN
G1 F1500 X90.242 Y120.223 E927.94688
G0 F9000 X90.3 Y119.998
G1 F1500 X90.583 Y119.998 E927.9544
G1 X107.837 Y119.999 E928.41285
G1 X123.393 Y119.999 E928.82619
G1 X123.774 Y119.815 E928.83743
G1 X123.958 Y118.867 E928.86309
G1 X124.09 Y118.716 E928.86842
G1 X124.084 Y112.487 E929.03393
G1 X124.085 Y101.457 E929.327
G1 X124.132 Y101.221 E929.3334
G0 F9000 X124.077 Y101.167
G0 X123.699 Y100.223
G1 F1500 X123.25 Y99.774 E929.34395
G0 F9000 X123.596 Y99.838
G1 F1500 X123.192 Y99.998 E929.36003
G1 X90.382 Y99.998 E930.57349
G1 X90 Y100.182 E930.58917
G0 F9000 X89.96 Y100.142
G0 X88.814 Y101.259
G0 X88.875 Y101.32
G1 F1500 X88.741 Y101.468 E930.59569
G1 X88.741 Y118.439 E931.15041
G1 X88.669 Y118.65 E931.1577
G0 F9000 X88.792 Y118.774
G1 F2700 E926.1577
G0 F9000 X90.155 Y118.939
G0 X123.643 Y118.938
G0 X125.187 Y117.886
G1 F2700 E931.1577
G0 F9000 X125.073 Y118
;TYPE:WALL-OUTER
G1 F1500 X125.072 Y115.6 E931.23752
G1 X127.555 Y115.6 E931.32011
G1 X127.748 Y115.506 E931.32725
G1 X127.809 Y115.334 E931.33332
G1 X127.809 Y104.654 E931.68854
G1 X127.715 Y104.461 E931.69568
G1 X127.543 Y104.4 E931.70175
G1 X125.072 Y104.4 E931.78393
G1 X125.072 Y102 E931.86376
G1 X129.255 Y102 E932.00288
G1 X129.256 Y104.4 E932.08271
G1 X128.616 Y104.4 E932.10399
G1 X128.423 Y104.494 E932.11113
G1 X128.362 Y104.666 E932.1172
G1 X128.362 Y115.346 E932.47242
G1 X128.456 Y115.539 E932.47956
G1 X128.628 Y115.6 E932.48563
G1 X129.255 Y115.6 E932.50649
G1 X129.256 Y118 E932.58631
G1 X125.073 Y118 E932.72544
G0 F9000 X125.473 Y117.6
;TYPE:WALL-INNER
G1 F1500 X125.472 Y116 E932.77865
G1 X127.647 Y116 E932.851
G1 X128.07 Y115.794 E932.86664
G1 X128.098 Y115.716 E932.8694
G1 X128.168 Y115.861 E932.87155
G1 X128.559 Y116 E932.88535
G1 X128.855 Y116 E932.8952
G1 X128.856 Y117.6 E932.94842
G1 X125.473 Y117.6 E933.06093
G0 F9000 X125.873 Y117.2
G1 F1500 X125.872 Y116.4 E933.08754
G1 X127.739 Y116.4 E933.14964
G1 X128.055 Y116.246 E933.16133
G1 X128.455 Y116.388 E933.17545
G1 X128.456 Y117.2 E933.20246
G1 X125.873 Y117.2 E933.28837
G0 F9000 X127.831 Y116.8
M73 P69
G1 F1500 X128.055 Y116.691 E933.29665
G1 X128.056 Y116.8
G1 X127.831 Y116.8 E933.2975
G0 F9000 X127.925 Y115.632
G0 X128.056 Y103.308
G1 F1500 X127.75 Y103.2 E933.3083
G1 X128.055 Y103.2 E933.30952
G1 X128.056 Y103.308
G0 F9000 X125.872 Y103.6
G1 F1500 X125.872 Y102.8 E933.33613
G1 X128.455 Y102.8 E933.42204
G1 X128.456 Y103.6 E933.44865
G1 X128.432 Y103.6 E933.44945
G1 X128.116 Y103.754 E933.46114
G1 X127.681 Y103.6 E933.47649
G1 X125.872 Y103.6 E933.53666
G0 F9000 X125.472 Y104
G1 F1500 X125.472 Y102.4 E933.58987
G1 X128.855 Y102.4 E933.70239
G1 X128.856 Y104 E933.75561
G1 X128.524 Y104 E933.76665
G1 X128.101 Y104.206 E933.7823
G1 X128.073 Y104.284 E933.78506
G1 X128.003 Y104.139 E933.78721
G1 X127.612 Y104 E933.80101
G1 X125.472 Y104 E933.87219
G0 F9000 X126.046 Y103.136
G0 X126.19 Y103.28
;TYPE:SKIN
G1 F1500 X126.393 Y103.199 E933.87967
G1 X127.241 Y103.199 E933.90868
G1 X127.6 Y102.993 E933.92284
G1 X127.688 Y103.363 E933.93585
G0 F9000 X127.713 Y103.388
G0 X127.931 Y104.45
G0 X128.056 Y104.58
G1 F1500 X128.084 Y104.891 E933.94093
G1 X128.084 Y115.073 E934.10658
G1 X127.97 Y115.525 E934.11417
G1 X128.649 Y116.204 E934.12979
G0 F9000 X128.679 Y116.234
G0 X127.71 Y116.679
G0 X127.657 Y116.627
G1 F1500 X127.512 Y116.764 E934.13697
G1 X126.416 Y116.799 E934.17646
G1 X126.06 Y117.009 E934.19134
G0 F9000 X126.075 Y117.024
G0 X127.858 Y115.604
G0 X128.219 Y104.474
G0 X128.241 Y104.482
G1 F1500 X128.197 Y104.438 E934.19238
G0 F9000 X128.164 Y104.242
G1 F2700 E929.19238
G0 F9000 X127.929 Y114.4
G0 X126.879 Y114.4
G0 X125.74 Y114.4
G1 F2700 E934.19238
G0 F9000 X125.47 Y114.7
;TYPE:WALL-OUTER
G1 F1500 X125.469 Y105.3 E934.50502
G1 X127.099 Y105.3 E934.55924
G1 X127.099 Y114.7 E934.87188
G1 X125.47 Y114.7 E934.92606
G0 F9000 X125.87 Y114.3
;TYPE:WALL-INNER
G1 F1500 X125.869 Y105.7 E935.2121
G1 X126.699 Y105.7 E935.23971
G1 X126.699 Y114.3 E935.52574
G1 X125.87 Y114.3 E935.55332
G0 F9000 X126.27 Y113.9
G1 F1500 X126.269 Y106.1 E935.81275
G1 X126.299 Y106.1 E935.81374
G1 X126.299 Y113.9 E935.83292
G1 X126.27 Y113.9 E935.83389
G1 F2700 E930.83389
G0 F9000 X126.879 Y114.43
G0 X129.292 Y114.43
G1 F2700 E935.83389
G0 F9000 X129.072 Y114.7
;TYPE:WALL-OUTER
G1 F1500 X129.072 Y105.3 E936.14653
G1 X130.701 Y105.3 E936.20072
G1 X130.702 Y114.7 E936.51336
G1 X129.072 Y114.7 E936.56757
G0 F9000 X129.472 Y114.3
;TYPE:WALL-INNER
G1 F1500 X129.472 Y105.7 E936.85361
G1 X130.301 Y105.7 E936.88118
G1 X130.302 Y114.3 E937.16722
G1 X129.472 Y114.3 E937.19483
G0 F9000 X129.872 Y113.9
G1 F1500 X129.872 Y106.1 E937.45426
G1 X129.901 Y106.1 E937.45522
M73 P70
G1 X129.902 Y113.9 E937.4744
G1 X129.872 Y113.9 E937.4754
G1 F2700 E932.4754
G0 F9000 X129.286 Y114.486
G0 X130.108 Y115.553
G0 X123.013 Y114.747
G0 X122.884 Y115.814
G0 X110.186 Y117.7
G1 F2700 E937.4754
G0 F9000 X109.916 Y118
;TYPE:WALL-OUTER
G1 F1500 X109.915 Y102 E938.00756
G1 X123.098 Y102 E938.44603
G1 X123.099 Y104.4 E938.52585
G1 X112.509 Y104.4 E938.87808
G1 X112.316 Y104.494 E938.88522
G1 X112.255 Y104.666 E938.89129
G1 X112.256 Y115.346 E939.24651
G1 X112.35 Y115.539 E939.25365
G1 X112.522 Y115.6 E939.25972
G1 X123.098 Y115.6 E939.61148
G1 X123.099 Y118 E939.6913
G1 X109.916 Y118 E940.12977
G0 F9000 X110.316 Y117.6
;TYPE:WALL-INNER
G1 F1500 X110.315 Y102.4 E940.63532
G1 X122.698 Y102.4 E941.04718
G1 X122.699 Y104 E941.1004
G1 X112.417 Y104 E941.44238
G1 X111.994 Y104.206 E941.45803
G1 X111.855 Y104.597 E941.47183
G1 X111.856 Y115.438 E941.8324
G1 X112.062 Y115.861 E941.84805
G1 X112.453 Y116 E941.86186
G1 X122.698 Y116 E942.20261
G1 X122.699 Y117.6 E942.25582
G1 X110.316 Y117.6 E942.66768
G0 F9000 X110.716 Y117.2
G1 F1500 X110.715 Y102.8 E943.14663
G1 X122.298 Y102.8 E943.53188
G1 X122.299 Y103.6 E943.55849
G1 X112.325 Y103.6 E943.89022
G1 X111.672 Y103.918 E943.91438
G1 X111.455 Y104.528 E943.93592
G1 X111.456 Y115.53 E944.30184
G1 X111.774 Y116.183 E944.326
G1 X112.384 Y116.4 E944.34754
G1 X122.298 Y116.4 E944.67728
G1 X122.299 Y117.2 E944.70388
G1 X110.716 Y117.2 E945.08914
G0 F9000 X111.116 Y116.8
G1 F1500 X111.116 Y115.745 E945.12423
G1 X111.486 Y116.505 E945.13292
G1 X112.315 Y116.8 E945.16219
G1 X111.116 Y116.8 E945.18059
G0 F9000 X111.115 Y104.29
G1 F1500 X111.115 Y103.63 E945.20254
G1 X111.115 Y103.2 E945.21684
G1 X112.233 Y103.2 E945.25403
G1 X111.35 Y103.63 E945.26968
G1 X111.115 Y104.29 E945.27724
G0 F9000 X111.102 Y104.596
;TYPE:SKIN
G1 F1500 X111.084 Y104.861 E945.28618
G1 X111.084 Y115.327 E945.63828
G1 X110.977 Y115.503 E945.64521
G0 F9000 X110.889 Y115.415
G0 X112.354 Y116.596
G1 F1500 X112.426 Y116.669 E945.64691
G0 F9000 X112.634 Y116.877
G1 F1500 X112.839 Y116.799 E945.65538
G1 X121.89 Y116.799 E946.00472
G1 X122.035 Y116.661 E946.01244
G0 F9000 X122.122 Y116.748
G0 X112.498 Y117.024
G1 F1500 X112.446 Y116.971 E946.01368
G0 F9000 X112.018 Y115.4
G0 X112.016 Y104.626
G0 X112.475 Y103.424
G0 X112.419 Y103.368
G1 F1500 X112.556 Y103.222 E946.02121
G1 X115.362 Y103.199 E946.12676
G1 X121.867 Y103.199 E946.37145
G1 X122.023 Y103.073 E946.379
G0 F9000 X122.122 Y103.172
G1 F2700 E941.379
;MESH:NONMESH
G0 F300 X122.122 Y103.172 Z3.31
G0 F9000 X122.885 Y104.186
G0 X123.014 Y105.253
G0 X132.003 Y104.435
G0 X132.003 Y105.3
M117 Time Left 0h07m22s
M73 P71
;TIME_ELAPSED:1100.985192
;LAYER:9
;TYPE:SUPPORT
G1 F2700 E946.379
G1 F1500 X132.458 Y105.3 E946.39413
G1 X132.458 Y114.7 E946.70678
G1 X132.004 Y114.7 E946.72188
G1 X132.003 Y105.3 E947.03452
G1 F2700 E942.03452
;MESH:Over_Center_Mechanism_v2.stl
G0 F9000 X132.003 Y104.435
G0 X132.815 Y104.439
G0 X133.319 Y104.943
G0 X133.319 Y115.057
G0 X129.556 Y118.861
G0 X126.052 Y118.853
G0 X125.085 Y118.914
G0 X124.999 Y121.03
G1 F2700 E947.03452
G0 F9000 X125.199 Y121.2
;TYPE:WALL-OUTER
G1 F1500 X87.628 Y121.2 E948.28414
G1 X87.628 Y98.8 E949.02916
G1 X125.199 Y98.8 E950.27878
G1 X125.199 Y101.2 E950.3586
G1 X124.372 Y101.2 E950.38611
G1 X124.179 Y101.294 E950.39325
G1 X124.118 Y101.466 E950.39932
G1 X124.117 Y118.546 E950.9674
G1 X124.211 Y118.739 E950.97454
G1 X124.383 Y118.8 E950.98061
G1 X125.199 Y118.8 E951.00775
G1 X125.199 Y121.2 E951.08758
G1 F2700 E946.08758
G0 F9000 X125.029 Y121.03
G0 X124.078 Y118.887
G1 F2700 E951.08758
G0 F9000 X123.992 Y118.706
G1 F1500 X124.053 Y118.534 E951.09365
G1 X124.054 Y101.454 E951.66173
G1 X123.96 Y101.261 E951.66887
G1 X123.788 Y101.2 E951.67494
G1 X90.109 Y101.2 E952.79511
G1 X89.916 Y101.294 E952.80225
G1 X89.855 Y101.466 E952.80832
G1 X89.855 Y118.546 E953.3764
G1 X89.949 Y118.739 E953.38354
G1 X90.121 Y118.8 E953.38961
G1 X123.799 Y118.8 E954.50975
G1 X123.992 Y118.706 E954.51689
G0 F9000 X124.309 Y119.233
G0 X124.799 Y120.8
;TYPE:WALL-INNER
G1 F1500 X88.028 Y120.8 E955.7399
G1 X88.028 Y99.2 E956.45831
G1 X124.799 Y99.2 E957.68132
G1 X124.799 Y100.8 E957.73454
G1 X124.28 Y100.8 E957.7518
G1 X124.102 Y100.887 E957.75839
G1 X123.857 Y100.8 E957.76704
G1 X90.017 Y100.8 E958.89256
G1 X89.594 Y101.006 E958.90821
G1 X89.455 Y101.397 E958.92201
G1 X89.455 Y118.638 E959.49545
G1 X89.661 Y119.061 E959.5111
G1 X90.052 Y119.2 E959.5249
G1 X123.891 Y119.2 E960.65039
G1 X124.069 Y119.113 E960.65698
G1 X124.314 Y119.2 E960.66563
G1 X124.799 Y119.2 E960.68176
G1 X124.799 Y120.8 E960.73497
G0 F9000 X124.399 Y120.4
G1 F1500 X88.428 Y120.4 E961.93138
G1 X88.428 Y99.6 E962.62319
G1 X124.399 Y99.6 E963.81959
G1 X124.399 Y100.4 E963.84619
G1 X124.187 Y100.4 E963.85325
G1 X124.077 Y100.454 E963.85732
G1 X123.926 Y100.4 E963.86265
G1 X89.925 Y100.4 E964.99353
G1 X89.272 Y100.718 E965.01769
G1 X89.055 Y101.328 E965.03922
G1 X89.055 Y118.73 E965.61802
G1 X89.373 Y119.383 E965.64217
G1 X89.983 Y119.6 E965.66371
G1 X123.984 Y119.6 E966.79459
G1 X124.094 Y119.546 E966.79866
G1 X124.245 Y119.6 E966.804
G1 X124.399 Y119.6 E966.80912
G1 X124.399 Y120.4 E966.83573
G1 F2700 E961.83573
G0 F9000 X89.914 Y120
G1 F2700 E966.83573
M73 P72
G1 F1500 X88.828 Y120 E966.87185
G1 X88.828 Y119.177 E966.89922
G1 X89.085 Y119.705 E966.90433
G1 X89.914 Y120 E966.91327
G0 F9000 X89.717 Y118.577
G0 X89.716 Y101.443
G0 X89.833 Y100
G1 F1500 X88.95 Y100.43 E966.94594
G1 X88.828 Y100.773 E966.95805
G1 X88.828 Y100 E966.97443
G1 X89.833 Y100 E966.99176
G0 F9000 X89.91 Y100.158
;TYPE:SKIN
G1 F1500 X90.153 Y99.916 E967.00456
G1 X90.635 Y99.999 E967.02281
G1 X123.728 Y99.999 E968.25805
G1 X124.13 Y100.163 E968.27426
G1 F2700 E963.27426
G0 F9000 X124.038 Y100.255
G0 X90.078 Y101.062
G0 X89.806 Y101.196
G0 X89.716 Y101.443
G0 X89.717 Y118.577
G0 X89.851 Y118.849
G0 X124.046 Y119.764
G0 X123.815 Y119.994
G1 F2700 E968.27426
G1 F1500 X123.527 Y119.999 E968.28519
G1 X90.434 Y119.999 E969.54071
G1 X90.05 Y119.817 E969.55683
G0 F9000 X90.006 Y119.862
G0 X88.958 Y118.931
G0 X88.924 Y118.965
G1 F1500 X88.741 Y118.864 E969.56168
G1 X88.741 Y101.611 E969.96205
G1 X88.726 Y101.061 E969.97481
G0 F9000 X88.603 Y101.184
G0 X89.958 Y99.828
G1 F1500 X90.013 Y99.774 E969.9761
G1 F2700 E964.9761
G0 F9000 X89.716 Y101.443
G0 X89.717 Y118.577
G0 X89.851 Y118.849
G0 X123.868 Y120.225
G0 X124.045 Y120.047
G1 F2700 E969.9761
G1 F1500 X124.186 Y120.188 E969.98618
G0 F9000 X124.15 Y120.225
G1 F2700 E964.98618
G0 F9000 X125.085 Y118.914
G0 X125.085 Y117.88
G1 F2700 E969.98618
G0 F9000 X124.945 Y118
;TYPE:WALL-OUTER
G1 F1500 X124.945 Y115.6 E970.066
G1 X127.716 Y115.6 E970.15817
G1 X127.909 Y115.506 E970.16531
G1 X127.97 Y115.334 E970.17138
G1 X127.971 Y104.654 E970.52659
G1 X127.877 Y104.461 E970.53373
G1 X127.705 Y104.4 E970.5398
G1 X124.945 Y104.4 E970.6316
G1 X124.945 Y102 E970.71143
G1 X129.199 Y102 E970.85292
G1 X129.199 Y104.4 E970.93274
G1 X128.455 Y104.4 E970.95749
G1 X128.262 Y104.494 E970.96463
G1 X128.201 Y104.666 E970.9707
G1 X128.2 Y115.346 E971.32591
G1 X128.294 Y115.539 E971.33305
G1 X128.466 Y115.6 E971.33912
G1 X129.199 Y115.6 E971.3635
G1 X129.199 Y118 E971.44333
G1 X124.945 Y118 E971.58482
G0 F9000 X125.345 Y117.6
;TYPE:WALL-INNER
G1 F1500 X125.345 Y116 E971.63803
G1 X127.808 Y116 E971.71995
G1 X128.057 Y115.879 E971.72916
G1 X128.397 Y116 E971.74116
G1 X128.799 Y116 E971.75453
G1 X128.799 Y117.6 E971.80775
G1 X125.345 Y117.6 E971.92263
G0 F9000 X125.745 Y117.2
G1 F1500 X125.745 Y116.4 E971.94924
G1 X127.9 Y116.4 E972.02091
G1 X128.081 Y116.312 E972.02761
G1 X128.328 Y116.4 E972.03633
G1 X128.399 Y116.4 E972.03869
G1 X128.399 Y117.2 E972.0653
G1 X125.745 Y117.2 E972.15357
G0 F9000 X128.019 Y115.604
M73 P73
G0 X128.109 Y115.357
G0 X128.109 Y104.623
G0 X127.999 Y103.231
G1 F1500 X127.912 Y103.2 E972.15664
G1 X127.999 Y103.2 E972.15672
G1 X127.999 Y103.231
G0 F9000 X125.745 Y103.6
G1 F1500 X125.745 Y102.8 E972.18333
G1 X128.399 Y102.8 E972.2716
G1 X128.399 Y103.6 E972.29821
G1 X128.271 Y103.6 E972.30247
G1 X128.09 Y103.688 E972.30916
G1 X127.843 Y103.6 E972.31788
G1 X125.745 Y103.6 E972.38766
G0 F9000 X125.345 Y104
G1 F1500 X125.345 Y102.4 E972.44088
G1 X128.799 Y102.4 E972.55576
G1 X128.799 Y104 E972.60898
G1 X128.363 Y104 E972.62348
G1 X128.114 Y104.121 E972.63269
G1 X127.774 Y104 E972.64469
G1 X125.345 Y104 E972.72548
G0 F9000 X125.96 Y103.424
;TYPE:SKIN
G1 F1500 X126.41 Y102.974 E972.73606
G0 F9000 X126.023 Y103.078
G1 F1500 X126.468 Y103.199 E972.7515
G1 X127.576 Y103.221 E972.78861
G1 X127.711 Y103.37 E972.79534
G0 F9000 X127.657 Y103.424
G0 X128.107 Y104.356
G0 X128.114 Y104.382
G1 F1500 X128.079 Y104.417 E972.79616
G0 F9000 X128.078 Y104.416
G0 X128.072 Y113.216
G0 X128.062 Y115.377
G0 X128.156 Y115.694
G0 X128.155 Y115.655
G1 F1500 X128.089 Y115.72 E972.7977
G0 F9000 X127.886 Y116.772
G1 F1500 X127.575 Y116.8 E972.81199
G1 X126.161 Y116.8 E972.87666
G1 X126.011 Y116.667 E972.88583
G0 F9000 X126.104 Y116.575
G0 X127.916 Y117.025
G1 F1500 X128.223 Y116.718 E972.89305
G1 F2700 E967.89305
G0 F9000 X125.638 Y115.72
G0 X125.638 Y114.48
G1 F2700 E972.89305
G0 F9000 X125.368 Y114.7
;TYPE:WALL-OUTER
G1 F1500 X125.367 Y105.3 E973.2057
G1 X127.226 Y105.3 E973.26753
G1 X127.226 Y114.7 E973.58018
G1 X125.368 Y114.7 E973.64197
G0 F9000 X125.768 Y114.3
;TYPE:WALL-INNER
G1 F1500 X125.767 Y105.7 E973.92801
G1 X126.826 Y105.7 E973.96323
G1 X126.826 Y114.3 E974.24927
G1 X125.768 Y114.3 E974.28446
G0 F9000 X126.168 Y113.9
G1 F1500 X126.167 Y106.1 E974.54389
G1 X126.426 Y106.1 E974.5525
G1 X126.426 Y113.9 E974.72058
G1 X126.168 Y113.9 E974.72916
G1 F2700 E969.72916
G0 F9000 X127.006 Y114.43
G0 X129.165 Y114.43
G1 F2700 E974.72916
G0 F9000 X128.945 Y114.7
;TYPE:WALL-OUTER
G1 F1500 X128.945 Y105.3 E975.0418
G1 X130.803 Y105.3 E975.1036
G1 X130.804 Y114.7 E975.41625
G1 X128.945 Y114.7 E975.47808
G0 F9000 X129.345 Y114.3
;TYPE:WALL-INNER
G1 F1500 X129.345 Y105.7 E975.76411
G1 X130.403 Y105.7 E975.7993
G1 X130.404 Y114.3 E976.08534
G1 X129.345 Y114.3 E976.12056
G0 F9000 X129.745 Y113.9
G1 F1500 X129.745 Y106.1 E976.37999
G1 X130.003 Y106.1 E976.38857
G1 X130.004 Y113.9 E976.55665
G1 X129.745 Y113.9 E976.56526
G1 F2700 E971.56526
G0 F9000 X129.159 Y114.486
G0 X130.052 Y115.553
M73 P74
G0 X123.2 Y114.747
G0 X123.012 Y115.814
G0 X110.272 Y117.73
G1 F2700 E976.56526
G0 F9000 X109.972 Y118
;TYPE:WALL-OUTER
G1 F1500 X109.972 Y102 E977.09743
G1 X123.226 Y102 E977.53826
G1 X123.226 Y104.4 E977.61808
G1 X112.453 Y104.4 E977.97639
G1 X112.26 Y104.494 E977.98353
G1 X112.199 Y104.666 E977.9896
G1 X112.199 Y115.346 E978.34482
G1 X112.293 Y115.539 E978.35196
G1 X112.465 Y115.6 E978.35803
G1 X123.226 Y115.6 E978.71594
G1 X123.226 Y118 E978.79577
G1 X109.972 Y118 E979.2366
G0 F9000 X110.372 Y117.6
;TYPE:WALL-INNER
G1 F1500 X110.372 Y102.4 E979.74215
G1 X122.826 Y102.4 E980.15637
G1 X122.826 Y104 E980.20959
G1 X112.361 Y104 E980.55766
G1 X111.938 Y104.206 E980.5733
G1 X111.799 Y104.597 E980.58711
G1 X111.799 Y115.438 E980.94768
G1 X112.005 Y115.861 E980.96333
G1 X112.396 Y116 E980.97713
G1 X122.826 Y116 E981.32403
G1 X122.826 Y117.6 E981.37725
G1 X110.372 Y117.6 E981.79147
G0 F9000 X110.772 Y117.2
G1 F1500 X110.772 Y102.8 E982.27042
G1 X122.426 Y102.8 E982.65803
G1 X122.426 Y103.6 E982.68464
G1 X112.269 Y103.6 E983.02246
G1 X111.616 Y103.918 E983.04662
G1 X111.399 Y104.528 E983.06815
G1 X111.399 Y115.53 E983.43408
G1 X111.717 Y116.183 E983.45824
G1 X112.327 Y116.4 E983.47977
G1 X122.426 Y116.4 E983.81567
G1 X122.426 Y117.2 E983.84228
G1 X110.772 Y117.2 E984.22989
G0 F9000 X111.172 Y116.8
G1 F1500 X111.172 Y115.977 E984.25726
G1 X111.429 Y116.505 E984.26238
G1 X112.258 Y116.8 E984.29164
G1 X111.172 Y116.8 E984.30746
G0 F9000 X111.172 Y103.973
G1 F1500 X111.172 Y103.2 E984.33317
G1 X112.177 Y103.2 E984.36659
G1 X111.294 Y103.63 E984.38316
G1 X111.172 Y103.973 E984.38594
G0 F9000 X111.031 Y104.211
;TYPE:SKIN
G1 F1500 X111.139 Y104.386 E984.39082
G1 X111.085 Y105.571 E984.41901
G1 X111.085 Y115.471 E984.65425
G1 X111.11 Y115.728 E984.66038
G0 F9000 X111.238 Y115.601
G0 X112.415 Y116.686
G0 X112.471 Y116.63
G1 F1500 X112.598 Y116.787 E984.66803
G1 X117.676 Y116.799 E984.86023
G1 X121.919 Y116.799 E985.02083
G1 X122.113 Y116.887 E985.02889
G1 F2700 E980.02889
G0 F9000 X121.977 Y117.024
G0 X112.425 Y115.839
G0 X112.123 Y115.729
G0 X111.961 Y115.4
G0 X111.96 Y104.626
G0 X112.07 Y104.324
G0 X112.336 Y104.194
G0 X121.999 Y103.425
G1 F2700 E985.02889
G1 F1500 X122.25 Y103.175 E985.03478
G0 F9000 X121.942 Y103.199
G1 F1500 X121.659 Y103.199 E985.04591
G1 X112.608 Y103.199 E985.40176
G1 X112.444 Y103.081 E985.4097
G0 F9000 X112.338 Y103.188
G1 F2700 E980.4097
;MESH:NONMESH
G0 F300 X112.338 Y103.188 Z3.51
G0 F9000 X123.012 Y104.186
G0 X123.201 Y105.253
G0 X132.088 Y104.435
G0 X132.088 Y105.3
M117 Time Left 0h06m17s
M73 P75
;TIME_ELAPSED:1165.063486
;LAYER:10
;TYPE:SUPPORT
G1 F2700 E985.4097
G1 F1500 X132.458 Y105.3 E985.42201
G1 X132.458 Y114.7 E985.73465
G1 X132.089 Y114.7 E985.74692
G1 X132.088 Y105.3 E986.05957
G1 F2700 E981.05957
;MESH:Over_Center_Mechanism_v2.stl
G0 F9000 X132.088 Y104.435
G0 X132.815 Y104.439
G0 X133.319 Y104.943
G0 X133.319 Y115.057
G0 X129.469 Y118.861
G0 X125.964 Y118.853
G0 X124.897 Y119.014
G0 X124.811 Y120.929
G1 F2700 E986.05957
G0 F9000 X125.112 Y121.2
;TYPE:WALL-OUTER
G1 F1500 X87.716 Y121.2 E987.30337
G1 X87.715 Y98.8 E988.04839
G1 X125.111 Y98.8 E989.29219
G1 X125.112 Y101.2 E989.37201
G1 X90.022 Y101.2 E990.53911
G1 X89.829 Y101.294 E990.54625
G1 X89.768 Y101.466 E990.55232
G1 X89.768 Y118.546 E991.1204
G1 X89.862 Y118.739 E991.12754
G1 X90.034 Y118.8 E991.13361
G1 X125.111 Y118.8 E992.30028
G1 X125.112 Y121.2 E992.3801
G0 F9000 X124.712 Y120.8
;TYPE:WALL-INNER
G1 F1500 X88.116 Y120.8 E993.59729
G1 X88.115 Y99.2 E994.31571
G1 X124.711 Y99.2 E995.5329
G1 X124.712 Y100.8 E995.58612
G1 X89.93 Y100.8 E996.74297
G1 X89.507 Y101.006 E996.75862
G1 X89.368 Y101.397 E996.77242
G1 X89.368 Y118.638 E997.34586
G1 X89.574 Y119.061 E997.36151
G1 X89.965 Y119.2 E997.37531
G1 X124.711 Y119.2 E998.53097
G1 X124.712 Y120.8 E998.58418
G0 F9000 X124.312 Y120.4
G1 F1500 X88.516 Y120.4 E999.77476
G1 X88.515 Y99.6 E1000.46657
G1 X124.311 Y99.6 E1001.65715
G1 X124.312 Y100.4 E1001.68376
G1 X89.838 Y100.4 E1002.83037
G1 X89.185 Y100.718 E1002.85453
G1 X88.968 Y101.328 E1002.87606
G1 X88.968 Y118.73 E1003.45485
G1 X89.286 Y119.383 E1003.47901
G1 X89.896 Y119.6 E1003.50055
G1 X124.311 Y119.6 E1004.64519
G1 X124.312 Y120.4 E1004.6718
G1 F2700 E999.6718
G0 F9000 X89.827 Y120
G1 F2700 E1004.6718
G1 F1500 X88.916 Y120 E1004.7021
G1 X88.916 Y119.537 E1004.7175
G1 X88.998 Y119.705
G1 X89.827 Y120 E1004.72042
G0 F9000 X89.53 Y118.6
G0 X89.529 Y101.426
G0 X89.746 Y100
G1 F1500 X88.915 Y100.405 E1004.75117
G1 X88.915 Y100 E1004.76464
G1 X89.746 Y100 E1004.77681
G0 F9000 X89.913 Y100.095
;TYPE:SKIN
G1 F1500 X90.041 Y100.223 E1004.77982
G0 F9000 X90.099 Y99.998
G1 F1500 X90.382 Y99.998 E1004.79038
G1 X123.757 Y99.998 E1006.03541
M73 P76
G1 X124.117 Y99.792 E1006.05088
G1 F2700 E1001.05088
G0 F9000 X124.135 Y99.81
G0 X89.968 Y100.962
G0 X89.639 Y101.124
G0 X89.529 Y101.426
G0 X89.53 Y118.6
G0 X89.692 Y118.929
G0 X89.935 Y119.018
G0 X124.018 Y119.775
G0 X124.077 Y119.834
G1 F2700 E1006.05088
G1 F1500 X123.935 Y119.976 E1006.05839
G1 X121.13 Y119.999 E1006.16329
G1 X90.3 Y119.999 E1007.31616
G1 X90.118 Y120.099 E1007.32392
G0 F9000 X89.993 Y119.974
G0 X89.065 Y119.329
G0 X88.877 Y119.141
G1 F1500 X88.744 Y118.725 E1007.32805
G1 X88.741 Y112.217 E1007.38954
G1 X88.741 Y101.469 E1007.4911
G1 X88.865 Y100.744 E1007.49805
G1 X88.997 Y100.594 E1007.49994
G0 F9000 X88.963 Y100.559
G0 X88.69 Y119.237
G1 F1500 X88.842 Y119.389 E1007.50351
G1 F2700 E1002.50351
G0 F9000 X124.897 Y119.014
G0 X124.897 Y117.78
G1 F2700 E1007.50351
G0 F9000 X124.654 Y118
;TYPE:WALL-OUTER
G1 F1500 X124.654 Y115.6 E1007.58334
G1 X129.111 Y115.6 E1007.73158
G1 X129.112 Y118 E1007.8114
G1 X124.654 Y118 E1007.95968
G0 F9000 X125.054 Y117.6
;TYPE:WALL-INNER
G1 F1500 X125.054 Y116 E1008.01289
G1 X128.711 Y116 E1008.13452
G1 X128.712 Y117.6 E1008.18774
G1 X125.054 Y117.6 E1008.30941
G0 F9000 X125.454 Y117.2
G1 F1500 X125.454 Y116.4 E1008.33601
G1 X128.311 Y116.4 E1008.43104
G1 X128.312 Y117.2 E1008.45765
G1 X125.454 Y117.2 E1008.5527
G0 F9000 X125.792 Y117.024
;TYPE:SKIN
G1 F1500 X125.628 Y116.86 E1008.55656
G0 F9000 X125.851 Y116.8
G1 F1500 X126.133 Y116.799 E1008.56923
G1 X127.83 Y116.799 E1008.64545
G1 X128.012 Y116.698 E1008.65479
G0 F9000 X128.136 Y116.822
G1 F2700 E1003.65479
G0 F9000 X125.554 Y115.82
G0 X125.554 Y114.48
G1 F2700 E1008.65479
G0 F9000 X125.284 Y114.7
;TYPE:WALL-OUTER
G1 F1500 X125.283 Y105.3 E1008.96744
G1 X127.517 Y105.3 E1009.04174
G1 X127.517 Y114.7 E1009.35439
G1 X125.284 Y114.7 E1009.42866
G0 F9000 X125.684 Y114.3
;TYPE:WALL-INNER
G1 F1500 X125.683 Y105.7 E1009.71469
G1 X127.117 Y105.7 E1009.76239
G1 X127.117 Y114.3 E1010.04843
G1 X125.684 Y114.3 E1010.09609
G0 F9000 X126.084 Y113.9
G1 F1500 X126.083 Y106.1 E1010.35552
G1 X126.717 Y106.1 E1010.3766
G1 X126.717 Y113.9 E1010.63603
G1 X126.084 Y113.9 E1010.65709
G0 F9000 X126.355 Y113.627
M73 P77
;TYPE:SKIN
G1 F1500 X126.399 Y113.388 E1010.66302
G1 X126.399 Y106.6 E1010.82887
G1 X126.449 Y106.367 E1010.83469
G0 F9000 X126.357 Y106.275
G1 F2700 E1005.83469
G0 F9000 X127.297 Y114.43
G0 X128.874 Y114.43
G1 F2700 E1010.83469
G0 F9000 X128.654 Y114.7
;TYPE:WALL-OUTER
G1 F1500 X128.654 Y105.3 E1011.14733
G1 X130.888 Y105.3 E1011.22164
G1 X130.889 Y114.7 E1011.53428
G1 X128.654 Y114.7 E1011.60862
G0 F9000 X129.054 Y114.3
;TYPE:WALL-INNER
G1 F1500 X129.054 Y105.7 E1011.89466
G1 X130.488 Y105.7 E1011.94235
G1 X130.489 Y114.3 E1012.22839
G1 X129.054 Y114.3 E1012.27612
G0 F9000 X129.454 Y113.9
G1 F1500 X129.454 Y106.1 E1012.53554
G1 X130.088 Y106.1 E1012.55663
G1 X130.089 Y113.9 E1012.81606
G1 X129.454 Y113.9 E1012.83718
G0 F9000 X129.737 Y113.615
;TYPE:SKIN
G1 F1500 X129.77 Y113.365 E1012.84339
G1 X129.77 Y106.577 E1013.01052
G1 X129.832 Y106.356 E1013.01617
G0 F9000 X129.751 Y106.275
G1 F2700 E1008.01617
G0 F9000 X128.868 Y105.514
G0 X128.868 Y104.18
G0 X124.954 Y104.13
G1 F2700 E1013.01617
G0 F9000 X124.654 Y104.4
;TYPE:WALL-OUTER
G1 F1500 X124.654 Y102 E1013.096
G1 X129.111 Y102 E1013.24424
G1 X129.112 Y104.4 E1013.32406
G1 X124.654 Y104.4 E1013.47234
G0 F9000 X125.054 Y104
;TYPE:WALL-INNER
G1 F1500 X125.054 Y102.4 E1013.52555
G1 X128.711 Y102.4 E1013.64719
G1 X128.712 Y104 E1013.7004
G1 X125.054 Y104 E1013.82207
G0 F9000 X125.454 Y103.6
G1 F1500 X125.454 Y102.8 E1013.84868
G1 X128.311 Y102.8 E1013.9437
G1 X128.312 Y103.6 E1013.97031
G1 X125.454 Y103.6 E1014.06537
G0 F9000 X125.698 Y103.353
;TYPE:SKIN
G1 F1500 X125.84 Y103.212 E1014.07328
G1 X127.807 Y103.199 E1014.1511
G1 X128 Y103.11 E1014.15951
G0 F9000 X128.136 Y103.246
G1 F2700 E1009.15951
G0 F9000 X124.868 Y104.186
G0 X124.43 Y105.253
G0 X123.303 Y114.735
G0 X123.303 Y115.814
G0 X110.33 Y117.7
G1 F2700 E1014.15951
G0 F9000 X110.06 Y118
;TYPE:WALL-OUTER
G1 F1500 X110.059 Y102 E1014.69167
G1 X123.517 Y102 E1015.13928
G1 X123.517 Y104.4 E1015.21911
G1 X112.365 Y104.4 E1015.59003
G1 X112.172 Y104.494 E1015.59717
G1 X112.111 Y104.666 E1015.60324
G1 X112.112 Y115.346 E1015.95845
G1 X112.206 Y115.539 E1015.96559
M73 P78
G1 X112.378 Y115.6 E1015.97166
G1 X123.517 Y115.6 E1016.34215
G1 X123.517 Y118 E1016.42197
G1 X110.06 Y118 E1016.86955
G0 F9000 X110.46 Y117.6
;TYPE:WALL-INNER
G1 F1500 X110.459 Y102.4 E1017.37511
G1 X123.117 Y102.4 E1017.79611
G1 X123.117 Y104 E1017.84933
G1 X112.273 Y104 E1018.21
G1 X111.85 Y104.206 E1018.22565
G1 X111.711 Y104.597 E1018.23945
G1 X111.712 Y115.438 E1018.60003
G1 X111.918 Y115.861 E1018.61568
G1 X112.309 Y116 E1018.62948
G1 X123.117 Y116 E1018.98895
G1 X123.117 Y117.6 E1019.04217
G1 X110.46 Y117.6 E1019.46314
G0 F9000 X110.86 Y117.2
G1 F1500 X110.859 Y102.8 E1019.94209
G1 X122.717 Y102.8 E1020.33649
G1 X122.717 Y103.6 E1020.3631
G1 X112.181 Y103.6 E1020.71353
G1 X111.528 Y103.918 E1020.73768
G1 X111.311 Y104.528 E1020.75922
G1 X111.312 Y115.53 E1021.12515
G1 X111.63 Y116.183 E1021.1493
G1 X112.24 Y116.4 E1021.17084
G1 X122.717 Y116.4 E1021.5193
G1 X122.717 Y117.2 E1021.54591
G1 X110.86 Y117.2 E1021.94028
G0 F9000 X111.26 Y116.8
G1 F1500 X111.26 Y116.336 E1021.95571
G1 X111.342 Y116.505
G1 X112.171 Y116.8 E1021.98498
G1 X111.26 Y116.8 E1021.99678
G0 F9000 X111.259 Y103.604
G1 F1500 X111.259 Y103.2 E1022.01022
G1 X112.089 Y103.2 E1022.03783
G1 X111.259 Y103.604 E1022.05301
G0 F9000 X111.25 Y103.896
;TYPE:SKIN
G1 F1500 X111.141 Y104.07 E1022.05501
G1 X111.084 Y105.427 E1022.06824
G1 X111.085 Y113.347 E1022.14541
G1 X111.085 Y115.327 E1022.1647
G1 X111.188 Y115.997 E1022.17131
G1 X111.074 Y116.165 E1022.17329
G0 F9000 X111.034 Y116.125
G0 X112.332 Y116.575
G0 X112.557 Y116.799
G1 F1500 X112.839 Y116.799 E1022.18436
G1 X122.173 Y116.799 E1022.55087
G1 X122.386 Y116.729 E1022.55967
G0 F9000 X122.231 Y116.575
G0 X112.499 Y117.024
G1 F1500 X112.324 Y116.85 E1022.56378
G0 F9000 X111.874 Y115.4
G0 X111.872 Y104.626
G0 X112.193 Y103.424
G0 X112.16 Y103.391
G1 F1500 X112.364 Y103.313 E1022.57052
G0 F9000 X112.533 Y103.199
G1 F1500 X112.816 Y103.199 E1022.58113
G1 X122.15 Y103.199 E1022.93085
G1 X122.515 Y102.999 E1022.94644
G0 F9000 X122.491 Y102.975
G1 F2700 E1017.94644
;MESH:NONMESH
G0 F300 X122.491 Y102.975 Z3.71
G0 F9000 X123.303 Y104.186
G0 X123.303 Y105.265
G0 X125.976 Y118.999
G0 X124.883 Y119.028
G0 X124.811 Y120.929
G1 F2700 E1022.94644
G0 F9000 X124.985 Y121.2
M117 Time Left 0h05m17s
M73 P79
;TIME_ELAPSED:1225.994085
;LAYER:11
;TYPE:WALL-OUTER
;MESH:Over_Center_Mechanism_v2.stl
G1 F1500 X87.842 Y121.2 E1024.18182
G1 X87.842 Y98.8 E1024.92685
G1 X124.985 Y98.8 E1026.16223
G1 X124.985 Y101.2 E1026.24205
G1 X89.896 Y101.2 E1027.40912
G1 X89.703 Y101.294 E1027.41626
G1 X89.642 Y101.466 E1027.42233
G1 X89.641 Y118.546 E1027.99041
G1 X89.735 Y118.739 E1027.99755
G1 X89.907 Y118.8 E1028.00362
G1 X124.985 Y118.8 E1029.17032
G1 X124.985 Y121.2 E1029.25015
G0 F9000 X124.585 Y120.8
;TYPE:WALL-INNER
G1 F1500 X88.242 Y120.8 E1030.45892
G1 X88.242 Y99.2 E1031.17734
G1 X124.585 Y99.2 E1032.38611
G1 X124.585 Y100.8 E1032.43933
G1 X89.804 Y100.8 E1033.59615
G1 X89.381 Y101.006 E1033.6118
G1 X89.242 Y101.397 E1033.6256
G1 X89.241 Y118.638 E1034.19904
G1 X89.447 Y119.061 E1034.21468
G1 X89.838 Y119.2 E1034.22849
G1 X124.585 Y119.2 E1035.38418
G1 X124.585 Y120.8 E1035.43739
G0 F9000 X124.185 Y120.4
G1 F1500 X88.642 Y120.4 E1036.61956
G1 X88.642 Y119.163 E1036.6607
G1 X88.642 Y118.73 E1036.6751
G1 X88.642 Y101.328 E1037.2539
G1 X88.642 Y100.752 E1037.27305
G1 X88.642 Y99.6 E1037.31137
G1 X124.185 Y99.6 E1038.49353
G1 X124.185 Y100.4 E1038.52014
G1 X89.712 Y100.4 E1039.66672
G1 X89.059 Y100.718 E1039.69088
G1 X88.842 Y101.328 E1039.70805
G1 X88.841 Y118.73 E1039.99744
G1 X89.159 Y119.383 E1040.01854
G1 X89.769 Y119.6 E1040.04007
G1 X124.185 Y119.6 E1041.18475
G1 X124.185 Y120.4 E1041.21136
G1 F2700 E1036.21136
G0 F9000 X89.7 Y120
G1 F2700 E1041.21136
G1 F1500 X89.042 Y120 E1041.23325
G1 X89.042 Y119.766 E1041.24103
G1 X89.7 Y120 E1041.24855
G0 F9000 X89.403 Y118.6
G0 X89.403 Y101.426
G0 X89.62 Y100
G1 F1500 X89.042 Y100.281 E1041.26992
G1 X89.042 Y100 E1041.27927
G1 X89.62 Y100 E1041.28568
G0 F9000 X89.785 Y100.001
;TYPE:SKIN
G1 F1500 X90.013 Y99.774 E1041.29103
G0 F9000 X90.07 Y99.999
G1 F1500 X90.352 Y99.999 E1041.30165
G1 X123.728 Y99.999 E1042.55798
G1 X123.897 Y100.113 E1042.56565
M73 P80
G1 F2700 E1037.56565
G0 F9000 X123.786 Y100.225
G0 X89.842 Y100.962
G0 X89.513 Y101.124
G0 X89.403 Y101.426
G0 X89.403 Y118.6
G0 X89.565 Y118.929
G0 X89.808 Y119.018
G0 X123.752 Y119.774
G0 X123.527 Y119.999
G1 F2700 E1042.56565
G1 F1500 X123.244 Y119.999 E1042.57606
G1 X90.152 Y119.999 E1043.79349
G1 X89.776 Y119.808 E1043.80901
G1 X88.952 Y119.501 E1043.84136
G1 X88.861 Y119.31 E1043.84914
G0 F9000 X88.906 Y119.265
G0 X88.824 Y100.679
G1 F1500 X88.92 Y100.583 E1043.8514
G1 F2700 E1038.8514
G0 F9000 X89.403 Y118.6
G0 X89.565 Y118.929
G0 X89.808 Y119.018
G0 X123.585 Y120.225
G0 X123.797 Y120.012
G1 F2700 E1043.8514
G1 F1500 X123.938 Y120.154 E1043.86471
G0 F9000 X123.868 Y120.225
G1 F2700 E1038.86471
G0 F9000 X124.771 Y119.014
G0 X125.838 Y118.853
G0 X124.361 Y114.747
G0 X125.428 Y114.486
G1 F2700 E1043.86471
G0 F9000 X125.214 Y114.7
;TYPE:WALL-OUTER
G1 F1500 X125.213 Y105.3 E1044.17735
G1 X130.957 Y105.3 E1044.3684
G1 X130.958 Y114.7 E1044.68105
G1 X125.214 Y114.7 E1044.87209
G0 F9000 X125.614 Y114.3
;TYPE:WALL-INNER
G1 F1500 X125.613 Y105.7 E1045.15813
G1 X130.557 Y105.7 E1045.32257
G1 X130.558 Y114.3 E1045.6086
G1 X125.614 Y114.3 E1045.77304
G0 F9000 X126.014 Y113.9
G1 F1500 X126.013 Y106.1 E1046.03247
G1 X130.157 Y106.1 E1046.1703
G1 X130.158 Y113.9 E1046.42973
G1 X126.014 Y113.9 E1046.56756
G0 F9000 X126.414 Y113.5
G1 F1500 X126.413 Y106.5 E1046.80038
G1 X129.757 Y106.5 E1046.9116
G1 X129.758 Y113.5 E1047.14442
G1 X126.414 Y113.5 E1047.25565
G0 F9000 X126.804 Y113.11
;TYPE:SKIN
G1 F1500 X126.803 Y106.89 E1047.46252
G1 X129.367 Y106.89 E1047.5478
G1 X129.368 Y113.11 E1047.75468
G1 X126.804 Y113.11 E1047.83996
G0 F9000 X126.804 Y113.39
G0 X129.576 Y113.318
M73 P81
G0 X129.648 Y112.34
G0 X129.206 Y112.34
G1 F1500 X128.597 Y112.949 E1047.86861
G0 F9000 X128.032 Y112.949
G1 F1500 X129.206 Y111.775 E1047.92383
G0 F9000 X129.206 Y111.209
G1 F1500 X127.466 Y112.949 E1048.00567
G0 F9000 X126.963 Y112.887
G1 F1500 X129.206 Y110.643 E1048.1112
G0 F9000 X129.206 Y110.078
G1 F1500 X126.963 Y112.321 E1048.2167
G0 F9000 X126.963 Y111.756
G1 F1500 X129.206 Y109.513 E1048.32221
G0 F9000 X129.206 Y108.947
G1 F1500 X126.963 Y111.19 E1048.42771
G0 F9000 X126.963 Y110.624
G1 F1500 X129.206 Y108.381 E1048.53321
G0 F9000 X129.206 Y107.816
G1 F1500 X126.963 Y110.059 E1048.63872
G0 F9000 X126.963 Y109.493
G1 F1500 X129.206 Y107.25 E1048.74422
G0 F9000 X128.841 Y107.049
G1 F1500 X126.963 Y108.927 E1048.83256
G0 F9000 X126.963 Y108.361
G1 F1500 X128.275 Y107.049 E1048.89427
G0 F9000 X127.709 Y107.049
G1 F1500 X126.963 Y107.796 E1048.92938
G0 F9000 X126.963 Y107.23
G1 F1500 X127.144 Y107.049 E1048.9379
G0 F9000 X127.144 Y106.31
G1 F2700 E1043.9379
G0 F9000 X126.595 Y106.682
G0 X125.428 Y114.486
G0 X125.428 Y115.82
G0 X110.486 Y117.73
G1 F2700 E1048.9379
G0 F9000 X110.186 Y118
;TYPE:WALL-OUTER
G1 F1500 X110.186 Y102 E1049.47006
G1 X128.985 Y102 E1050.09532
G1 X128.985 Y104.4 E1050.17514
G1 X112.239 Y104.4 E1050.73211
G1 X112.046 Y104.494 E1050.73925
G1 X111.985 Y104.666 E1050.74532
G1 X111.985 Y115.346 E1051.10054
G1 X112.079 Y115.539 E1051.10768
G1 X112.251 Y115.6 E1051.11375
G1 X128.985 Y115.6 E1051.67033
G1 X128.985 Y118 E1051.75015
G1 X110.186 Y118 E1052.37541
G0 F9000 X110.586 Y117.6
;TYPE:WALL-INNER
G1 F1500 X110.586 Y102.4 E1052.88096
G1 X128.585 Y102.4 E1053.47961
G1 X128.585 Y104 E1053.53283
G1 X112.147 Y104 E1054.07956
G1 X111.724 Y104.206 E1054.09521
G1 X111.585 Y104.597 E1054.10901
G1 X111.585 Y115.438 E1054.46958
G1 X111.791 Y115.861 E1054.48523
G1 X112.182 Y116 E1054.49903
G1 X128.585 Y116 E1055.0446
G1 X128.585 Y117.6 E1055.09782
G1 X110.586 Y117.6 E1055.69646
M73 P82
G0 F9000 X110.986 Y117.2
G1 F1500 X110.986 Y115.963 E1055.73761
G1 X110.986 Y115.53 E1055.75201
G1 X110.986 Y104.528 E1056.11794
G1 X110.986 Y103.949 E1056.13719
G1 X110.986 Y102.8 E1056.17541
G1 X128.185 Y102.8 E1056.74745
G1 X128.185 Y103.6 E1056.77406
G1 X112.055 Y103.6 E1057.31055
G1 X111.402 Y103.918 E1057.3347
G1 X111.185 Y104.528 E1057.35182
G1 X111.185 Y115.53 E1057.53433
G1 X111.503 Y116.183 E1057.55542
G1 X112.113 Y116.4 E1057.57696
G1 X128.185 Y116.4 E1058.11151
G1 X128.185 Y117.2 E1058.13812
G1 X110.986 Y117.2 E1058.71016
G0 F9000 X111.386 Y116.8
G1 F1500 X111.386 Y116.566 E1058.71795
G1 X112.044 Y116.8 E1058.74117
G1 X111.386 Y116.8 E1058.74736
G0 F9000 X111.386 Y103.481
G1 F1500 X111.386 Y103.2 E1058.7567
G1 X111.963 Y103.2 E1058.77589
G1 X111.386 Y103.481 E1058.78443
G0 F9000 X111.22 Y103.739
;TYPE:SKIN
G1 F1500 X111.16 Y103.799 E1058.78585
G0 F9000 X112.101 Y103.424
G1 F1500 X112.55 Y102.975 E1058.79641
G0 F9000 X112.189 Y103.053
G1 F1500 X112.608 Y103.199 E1058.81273
G1 X127.599 Y103.199 E1059.36418
G1 X127.974 Y103.389 E1059.37964
G1 F2700 E1054.37964
G0 F9000 X127.94 Y103.424
G0 X112.185 Y104.162
G0 X111.856 Y104.324
G0 X111.746 Y104.626
G0 X111.747 Y115.4
G0 X111.909 Y115.729
G0 X112.152 Y115.818
G0 X127.801 Y116.574
G0 X127.576 Y116.799
G1 F2700 E1059.37964
G1 F1500 X127.293 Y116.799 E1059.38985
G1 X112.585 Y116.799 E1059.92057
G1 X112.198 Y116.62 E1059.93596
G1 X111.344 Y116.343 E1059.96835
G1 X111.22 Y116.184 E1059.97563
G0 F9000 X111.28 Y116.125
G0 X127.634 Y117.024
G0 X127.821 Y116.836
G1 F1500 X127.962 Y116.978 E1059.98658
G0 F9000 X127.917 Y117.024
G1 F2700 E1054.98658
;MESH:NONMESH
G0 F300 X127.917 Y117.024 Z3.91
G0 F9000 X124.685 Y117.78
G0 X124.685 Y119.02
G0 X124.685 Y120.93
G1 F2700 E1059.98658
G0 F9000 X124.804 Y121.2
M117 Time Left 0h04m19s
M73 P83
;TIME_ELAPSED:1283.941620
;LAYER:12
;TYPE:WALL-OUTER
;MESH:Over_Center_Mechanism_v2.stl
G1 F1500 X88.023 Y121.2 E1061.20992
G1 X88.023 Y98.8 E1061.95494
G1 X124.804 Y98.8 E1063.17829
G1 X124.804 Y101.2 E1063.25811
G1 X89.715 Y101.2 E1064.42517
G1 X89.522 Y101.294 E1064.43231
G1 X89.461 Y101.466 E1064.43838
G1 X89.46 Y118.546 E1065.00647
G1 X89.554 Y118.739 E1065.01361
G1 X89.726 Y118.8 E1065.01968
G1 X124.804 Y118.8 E1066.18638
G1 X124.804 Y121.2 E1066.2662
G0 F9000 X124.404 Y120.8
;TYPE:WALL-INNER
G1 F1500 X88.423 Y120.8 E1067.46293
G1 X88.423 Y99.2 E1068.18135
G1 X124.404 Y99.2 E1069.37809
G1 X124.404 Y100.8 E1069.4313
G1 X89.623 Y100.8 E1070.58812
G1 X89.2 Y101.006 E1070.60377
G1 X89.061 Y101.397 E1070.61757
G1 X89.06 Y118.638 E1071.19101
G1 X89.266 Y119.061 E1071.20666
G1 X89.657 Y119.2 E1071.22046
G1 X124.404 Y119.2 E1072.37615
G1 X124.404 Y120.8 E1072.42937
G0 F9000 X124.004 Y120.4
G1 F1500 X88.823 Y120.4 E1073.59949
G1 X88.823 Y119.065 E1073.64389
G1 X88.978 Y119.383 E1073.65566
G1 X89.588 Y119.6 E1073.6772
G1 X124.004 Y119.6 E1074.82188
G1 X124.004 Y120.4 E1074.84848
G1 F2700 E1069.84848
G0 F9000 X89.519 Y120
G1 F2700 E1074.84848
G1 F1500 X89.223 Y120 E1074.85833
G1 X89.223 Y119.895 E1074.86182
G1 X89.519 Y120 E1074.86359
G0 F9000 X89.222 Y118.6
G0 X89.222 Y101.426
G0 X89.439 Y100
G1 F1500 X89.223 Y100.105 E1074.87157
G1 X89.223 Y100
G1 X89.439 Y100 E1074.87235
G1 F2700 E1069.87235
G0 F9000 X124.004 Y100.4
G1 F2700 E1074.87235
G1 F1500 X89.531 Y100.4 E1076.01892
G1 X88.878 Y100.718 E1076.04308
G1 X88.823 Y100.873 E1076.04855
G1 X88.823 Y99.6 E1076.09089
G1 X124.004 Y99.6 E1077.26102
G1 X124.004 Y100.4 E1077.28762
G0 F9000 X123.475 Y99.999
;TYPE:SKIN
G1 F1500 X123.68 Y99.921 E1077.29583
G1 X122.627 Y99.999 E1077.33531
G1 X89.817 Y99.999 E1078.5622
G1 X89.69 Y100.156 E1078.56975
G0 F9000 X89.759 Y100.224
G0 X88.882 Y101.044
G0 X88.926 Y101.088
G1 F1500 X88.746 Y101.191 E1078.57474
G1 X88.741 Y107.409 E1078.72428
G1 X88.741 Y118.44 E1078.98957
G1 X88.634 Y118.898 E1079.00088
G0 F9000 X88.597 Y118.861
G0 X89.554 Y119.818
G1 F1500 X89.59 Y119.854 E1079.00173
G0 F9000 X89.824 Y120.088
G1 F1500 X90.018 Y119.999 E1079.00975
G1 X123.393 Y119.999 E1080.26355
G1 X123.781 Y119.821 E1080.27959
G1 F2700 E1075.27959
G0 F9000 X123.735 Y119.775
G0 X89.677 Y120.224
G1 F2700 E1080.27959
G1 F1500 X89.648 Y120.195 E1080.28027
G1 F2700 E1075.28027
M73 P84
G0 F9000 X124.59 Y119.014
G0 X125.657 Y118.853
G0 X124.305 Y114.747
G0 X125.372 Y114.486
G1 F2700 E1080.28027
G0 F9000 X125.158 Y114.7
;TYPE:WALL-OUTER
G1 F1500 X125.157 Y105.3 E1080.59292
G1 X132.458 Y105.3 E1080.83575
G1 X132.458 Y114.7 E1081.14839
G1 X125.158 Y114.7 E1081.39119
G0 F9000 X125.558 Y114.3
;TYPE:WALL-INNER
G1 F1500 X125.557 Y105.7 E1081.67723
G1 X132.058 Y105.7 E1081.89345
G1 X132.058 Y114.3 E1082.17949
G1 X125.558 Y114.3 E1082.39568
G0 F9000 X125.958 Y113.9
G1 F1500 X125.957 Y106.1 E1082.65511
G1 X131.658 Y106.1 E1082.84473
G1 X131.658 Y113.9 E1083.10416
G1 X125.958 Y113.9 E1083.29374
G0 F9000 X126.358 Y113.5
G1 F1500 X126.357 Y106.5 E1083.52656
G1 X131.258 Y106.5 E1083.68957
G1 X131.258 Y113.5 E1083.92239
G1 X126.358 Y113.5 E1084.08536
G0 F9000 X126.748 Y113.11
;TYPE:SKIN
G1 F1500 X126.747 Y106.89 E1084.29224
G1 X130.868 Y106.89 E1084.42931
G1 X130.868 Y113.11 E1084.63618
G1 X126.748 Y113.11 E1084.77322
G0 F9000 X127.092 Y112.95
G1 F1500 X126.906 Y112.764 E1084.78197
G0 F9000 X126.906 Y112.198
G1 F1500 X127.658 Y112.95 E1084.81734
G0 F9000 X128.223 Y112.95
G1 F1500 X126.906 Y111.633 E1084.87928
G0 F9000 X126.906 Y111.067
G1 F1500 X128.789 Y112.95 E1084.96786
G0 F9000 X129.355 Y112.95
G1 F1500 X126.906 Y110.501 E1085.08305
G0 F9000 X126.906 Y109.936
G1 F1500 X129.92 Y112.95 E1085.22482
G0 F9000 X130.486 Y112.95
G1 F1500 X126.906 Y109.37 E1085.39321
G0 F9000 X126.906 Y108.804
G1 F1500 X130.707 Y112.605 E1085.572
G0 F9000 X130.707 Y112.039
G1 F1500 X126.906 Y108.238 E1085.75078
G0 F9000 X126.906 Y107.673
G1 F1500 X130.707 Y111.473 E1085.92955
G0 F9000 X130.707 Y110.908
G1 F1500 X126.906 Y107.107 E1086.10834
G0 F9000 X127.414 Y107.05
G1 F1500 X130.707 Y110.342 E1086.26321
G0 F9000 X130.707 Y109.776
G1 F1500 X127.98 Y107.05 E1086.39145
G0 F9000 X128.546 Y107.05
G1 F1500 X130.707 Y109.211 E1086.4931
G0 F9000 X130.707 Y108.645
G1 F1500 X129.112 Y107.05 E1086.56812
G0 F9000 X129.677 Y107.05
G1 F1500 X130.707 Y108.079 E1086.61655
G0 F9000 X130.707 Y107.514
G1 F1500 X130.243 Y107.05 E1086.63837
G0 F9000 X130.243 Y106.31
G1 F2700 E1081.63837
G0 F9000 X126.539 Y106.682
G0 X125.372 Y114.486
G0 X125.372 Y115.82
G0 X110.667 Y117.73
G1 F2700 E1086.63837
G0 F9000 X110.367 Y118
;TYPE:WALL-OUTER
G1 F1500 X110.367 Y102 E1087.17053
G1 X128.804 Y102 E1087.78375
G1 X128.804 Y104.4 E1087.86358
G1 X112.058 Y104.4 E1088.42055
G1 X111.865 Y104.494 E1088.42769
G1 X111.804 Y104.666 E1088.43376
M73 P85
G1 X111.804 Y115.346 E1088.78898
G1 X111.898 Y115.539 E1088.79612
G1 X112.07 Y115.6 E1088.80219
G1 X128.804 Y115.6 E1089.35876
G1 X128.804 Y118 E1089.43859
G1 X110.367 Y118 E1090.0518
G0 F9000 X110.767 Y117.6
;TYPE:WALL-INNER
G1 F1500 X110.767 Y102.4 E1090.55736
G1 X128.404 Y102.4 E1091.14397
G1 X128.404 Y104 E1091.19718
G1 X111.966 Y104 E1091.74391
G1 X111.543 Y104.206 E1091.75956
G1 X111.404 Y104.597 E1091.77336
G1 X111.404 Y115.438 E1092.13394
G1 X111.61 Y115.861 E1092.14959
G1 X112.001 Y116 E1092.16339
G1 X128.404 Y116 E1092.70895
G1 X128.404 Y117.6 E1092.76217
G1 X110.767 Y117.6 E1093.34878
G0 F9000 X111.167 Y117.2
G1 F1500 X111.167 Y115.865 E1093.39318
G1 X111.322 Y116.183 E1093.40495
G1 X111.932 Y116.4 E1093.42648
G1 X128.004 Y116.4 E1093.96104
G1 X128.004 Y117.2 E1093.98765
G1 X111.167 Y117.2 E1094.54765
G0 F9000 X111.567 Y116.8
G1 F1500 X111.567 Y116.695 E1094.55114
G1 X111.863 Y116.8 E1094.5578
G1 X111.567 Y116.8 E1094.55896
G0 F9000 X111.167 Y104.07
G1 F1500 X111.167 Y102.8 E1094.6012
G1 X128.004 Y102.8 E1095.16121
G1 X128.004 Y103.6 E1095.18781
G1 X111.874 Y103.6 E1095.7243
G1 X111.221 Y103.918 E1095.74846
G1 X111.167 Y104.07 E1095.75382
G0 F9000 X111.567 Y103.305
G1 F1500 X111.567 Y103.2 E1095.75731
G1 X111.782 Y103.2 E1095.76447
G1 X111.567 Y103.305 E1095.76603
G0 F9000 X111.873 Y103.387
;TYPE:SKIN
G1 F1500 X112.065 Y103.297 E1095.77372
G0 F9000 X112.25 Y103.199
G1 F1500 X112.533 Y103.199 E1095.7844
G1 X127.524 Y103.199 E1096.35025
G1 X127.705 Y103.098 E1096.35807
G1 F2700 E1091.35807
G0 F9000 X127.828 Y103.221
G0 X112.004 Y104.162
G0 X111.675 Y104.324
G0 X111.565 Y104.626
G0 X111.566 Y115.4
G0 X111.728 Y115.729
G0 X111.971 Y115.818
G0 X127.605 Y116.575
G1 F2700 E1096.35807
G1 F1500 X127.827 Y116.797 E1096.36329
G0 F9000 X127.547 Y116.799
G1 F1500 X127.264 Y116.799 E1096.37416
G1 X112.273 Y116.799 E1096.94983
G1 X112.117 Y116.926 E1096.95756
G0 F9000 X112.215 Y117.024
G0 X111.173 Y115.698
G0 X111.057 Y115.582
G1 F1500 X111.085 Y115.327 E1096.9639
G1 X111.084 Y106.841 E1097.1736
G1 X111.084 Y104.579 E1097.2295
G1 X111.126 Y104.337 E1097.23557
G0 F9000 X110.991 Y104.202
G1 F2700 E1092.23557
;MESH:NONMESH
G0 F300 X110.991 Y104.202 Z4.11
G0 F9000 X111.566 Y115.4
G0 X111.728 Y115.729
G0 X124.504 Y117.78
G0 X124.504 Y119.02
G0 X124.504 Y120.9
G1 F2700 E1097.23557
G0 F9000 X124.533 Y121.2
M117 Time Left 0h03m21s
M73 P86
;TIME_ELAPSED:1341.191204
;LAYER:13
;TYPE:WALL-OUTER
;MESH:Over_Center_Mechanism_v2.stl
G1 F1500 X88.294 Y121.2 E1098.44088
G1 X88.294 Y98.8 E1099.18591
G1 X124.533 Y98.8 E1100.39122
G1 X124.533 Y101.2 E1100.47105
G1 X89.444 Y101.2 E1101.63811
G1 X89.251 Y101.294 E1101.64525
G1 X89.19 Y101.466 E1101.65132
G1 X89.189 Y118.546 E1102.2194
G1 X89.283 Y118.739 E1102.22654
G1 X89.455 Y118.8 E1102.23261
G1 X124.533 Y118.8 E1103.39931
G1 X124.533 Y121.2 E1103.47914
G0 F9000 X124.133 Y120.8
;TYPE:WALL-INNER
G1 F1500 X88.694 Y120.8 E1104.65784
G1 X88.694 Y119.061 E1104.71568
G1 X88.694 Y118.638 E1104.72975
G1 X88.694 Y101.006 E1105.3162
G1 X88.694 Y99.2 E1105.37626
G1 X124.133 Y99.2 E1106.55497
G1 X124.133 Y100.8 E1106.60819
G1 X89.352 Y100.8 E1107.76501
G1 X88.929 Y101.006 E1107.78065
G1 X88.79 Y101.397 E1107.79042
G1 X88.789 Y118.638 E1107.92272
G1 X88.995 Y119.061 E1107.93108
G1 X89.386 Y119.2 E1107.94488
G1 X124.133 Y119.2 E1109.10057
G1 X124.133 Y120.8 E1109.15378
G0 F9000 X123.733 Y120.4
G1 F1500 X89.094 Y120.4 E1110.30588
G1 X89.094 Y119.521 E1110.33512
G1 X89.317 Y119.6 E1110.34299
G1 X123.733 Y119.6 E1111.48767
G1 X123.733 Y120.4 E1111.51428
G1 F2700 E1106.51428
G0 F9000 X89.415 Y119.039
G0 X89.113 Y118.929
G0 X88.951 Y118.6
G0 X88.951 Y101.426
G0 X89.061 Y101.124
G0 X89.327 Y100.994
G0 X123.733 Y100.4
G1 F2700 E1111.51428
G1 F1500 X89.26 Y100.4 E1112.66085
G1 X89.094 Y100.481 E1112.667
G1 X89.094 Y99.6 E1112.6963
G1 X123.733 Y99.6 E1113.8484
G1 X123.733 Y100.4 E1113.875
G0 F9000 X123.53 Y100.198
;TYPE:SKIN
G1 F1500 X123.388 Y100.056 E1113.88253
G1 X122.597 Y99.999 E1113.91224
M73 P87
G1 X89.504 Y99.999 E1115.15209
G1 X89.358 Y99.863 E1115.15956
G0 F9000 X89.269 Y99.952
G0 X88.951 Y101.426
G0 X88.951 Y118.6
G0 X89.529 Y119.773
G1 F1500 X89.269 Y120.034 E1115.16569
G0 F9000 X89.586 Y119.999
G1 F1500 X89.869 Y119.999 E1115.17645
G1 X123.244 Y119.999 E1116.44585
G1 X123.429 Y120.097 E1116.45381
G0 F9000 X123.557 Y119.97
G1 F2700 E1111.45381
G0 F9000 X124.319 Y119.014
G0 X125.386 Y118.853
G0 X124.261 Y114.747
G0 X125.328 Y114.486
G1 F2700 E1116.45381
G0 F9000 X125.114 Y114.7
;TYPE:WALL-OUTER
G1 F1500 X125.113 Y105.3 E1116.76646
G1 X132.458 Y105.3 E1117.01075
G1 X132.458 Y114.7 E1117.3234
G1 X125.114 Y114.7 E1117.56766
G0 F9000 X125.514 Y114.3
;TYPE:WALL-INNER
G1 F1500 X125.513 Y105.7 E1117.8537
G1 X132.058 Y105.7 E1118.07138
G1 X132.058 Y114.3 E1118.35742
G1 X125.514 Y114.3 E1118.57508
G0 F9000 X125.914 Y113.9
G1 F1500 X125.913 Y106.1 E1118.83451
G1 X131.658 Y106.1 E1119.02558
G1 X131.658 Y113.9 E1119.28501
G1 X125.914 Y113.9 E1119.47606
G0 F9000 X126.314 Y113.5
G1 F1500 X126.313 Y106.5 E1119.70888
G1 X131.258 Y106.5 E1119.87335
G1 X131.258 Y113.5 E1120.10617
G1 X126.314 Y113.5 E1120.27061
G0 F9000 X126.704 Y113.11
;TYPE:SKIN
G1 F1500 X126.703 Y106.89 E1120.47749
G1 X130.868 Y106.89 E1120.61602
G1 X130.868 Y113.11 E1120.8229
G1 X126.704 Y113.11 E1120.96139
G0 F9000 X126.704 Y113.39
G0 X131.076 Y113.318
G0 X131.148 Y112.537
G0 X130.707 Y112.537
G1 F1500 X130.294 Y112.95 E1120.98082
G0 F9000 X129.728 Y112.95
G1 F1500 X130.707 Y111.971 E1121.02687
G0 F9000 X130.707 Y111.406
G1 F1500 X129.162 Y112.95 E1121.09951
G0 F9000 X128.597 Y112.95
M73 P88
G1 F1500 X130.707 Y110.84 E1121.19876
G0 F9000 X130.707 Y110.274
G1 F1500 X128.031 Y112.95 E1121.32463
G0 F9000 X127.465 Y112.95
G1 F1500 X130.707 Y109.709 E1121.4771
G0 F9000 X130.707 Y109.143
G1 F1500 X126.9 Y112.95 E1121.65617
G0 F9000 X126.863 Y112.421
G1 F1500 X130.707 Y108.577 E1121.83698
G0 F9000 X130.707 Y108.011
G1 F1500 X126.863 Y111.855 E1122.01779
G0 F9000 X126.863 Y111.29
G1 F1500 X130.707 Y107.446 E1122.1986
G0 F9000 X130.537 Y107.05
G1 F1500 X126.863 Y110.724 E1122.37142
G0 F9000 X126.863 Y110.158
G1 F1500 X129.971 Y107.05 E1122.51761
G0 F9000 X129.406 Y107.05
G1 F1500 X126.862 Y109.593 E1122.63725
G0 F9000 X126.862 Y109.028
G1 F1500 X128.84 Y107.05 E1122.73029
G0 F9000 X128.274 Y107.05
G1 F1500 X126.862 Y108.462 E1122.7967
G0 F9000 X126.862 Y107.896
G1 F1500 X127.709 Y107.05 E1122.83652
G0 F9000 X127.143 Y107.05
G1 F1500 X126.862 Y107.331 E1122.84974
G0 F9000 X126.123 Y107.331
G1 F2700 E1117.84974
G0 F9000 X125.328 Y114.486
G0 X125.328 Y115.82
G0 X110.938 Y117.73
G1 F2700 E1122.84974
G0 F9000 X110.638 Y118
;TYPE:WALL-OUTER
G1 F1500 X110.638 Y102 E1123.3819
G1 X128.533 Y102 E1123.97709
G1 X128.533 Y104.4 E1124.05691
G1 X111.787 Y104.4 E1124.61389
G1 X111.594 Y104.494 E1124.62103
G1 X111.533 Y104.666 E1124.6271
G1 X111.533 Y115.346 E1124.98231
G1 X111.627 Y115.539 E1124.98945
G1 X111.799 Y115.6 E1124.99552
G1 X128.533 Y115.6 E1125.5521
G1 X128.533 Y118 E1125.63192
G1 X110.638 Y118 E1126.22711
G0 F9000 X111.038 Y117.6
;TYPE:WALL-INNER
G1 F1500 X111.038 Y115.861 E1126.28495
G1 X111.038 Y115.438 E1126.29902
G1 X111.038 Y104.206 E1126.6726
G1 X111.038 Y102.4 E1126.73267
G1 X128.133 Y102.4 E1127.30125
G1 X128.133 Y104 E1127.35447
G1 X111.695 Y104 E1127.9012
M73 P89
G1 X111.272 Y104.206 E1127.91685
G1 X111.133 Y104.597 E1127.92659
G1 X111.133 Y115.438 E1128.00749
G1 X111.339 Y115.861 E1128.01584
G1 X111.73 Y116 E1128.02964
G1 X128.133 Y116 E1128.57521
G1 X128.133 Y117.6 E1128.62842
G1 X111.038 Y117.6 E1129.19701
G0 F9000 X111.438 Y117.2
G1 F1500 X111.438 Y116.321 E1129.22624
G1 X111.661 Y116.4 E1129.23411
G1 X127.733 Y116.4 E1129.76867
G1 X127.733 Y117.2 E1129.79528
G1 X111.438 Y117.2 E1130.33725
G0 F9000 X111.295 Y115.4
G0 X111.294 Y104.626
G0 X111.438 Y103.68
G1 F1500 X111.438 Y102.8 E1130.36652
G1 X127.733 Y102.8 E1130.90849
G1 X127.733 Y103.6 E1130.9351
G1 X111.603 Y103.6 E1131.47159
G1 X111.438 Y103.68 E1131.47769
G0 F9000 X111.798 Y103.161
;TYPE:SKIN
G1 F1500 X111.656 Y103.02 E1131.48512
G1 X112.043 Y103.199 E1131.50096
G1 X127.316 Y103.199 E1132.06827
G1 X127.465 Y103.333 E1132.07571
G1 F2700 E1127.07571
G0 F9000 X127.374 Y103.424
G0 X111.733 Y104.162
G0 X111.404 Y104.324
G0 X111.294 Y104.626
G0 X111.295 Y115.4
G0 X111.457 Y115.729
G0 X111.7 Y115.818
G0 X127.236 Y116.574
G0 X127.01 Y116.799
G1 F2700 E1132.07571
G1 F1500 X126.727 Y116.799 E1132.08656
G1 X112.019 Y116.799 E1132.65055
G1 X111.646 Y116.607 E1132.66663
G0 F9000 X111.679 Y116.574
G0 X127.067 Y117.025
G1 F1500 X127.518 Y116.574 E1132.67724
G0 F9000 X127.557 Y116.818
G1 F1500 X127.35 Y117.025 E1132.68211
G1 F2700 E1127.68211
;MESH:NONMESH
G0 F300 X127.35 Y117.025 Z4.31
G0 F9000 X123.81 Y117.78
G0 X123.81 Y119.02
G0 X123.81 Y120.9
G1 F2700 E1132.68211
G0 F9000 X123.81 Y121.2
M117 Time Left 0h02m28s
M73 P90
;TIME_ELAPSED:1394.805821
;LAYER:14
;TYPE:WALL-OUTER
;MESH:Over_Center_Mechanism_v2.stl
G1 F1500 X89.018 Y121.2 E1133.8393
G1 X89.018 Y118.8 E1133.91912
G1 X123.81 Y118.8 E1135.07631
G1 X123.81 Y121.2 E1135.15613
G0 F9000 X123.41 Y120.8
;TYPE:WALL-INNER
G1 F1500 X89.418 Y120.8 E1136.28671
G1 X89.418 Y119.2 E1136.33993
G1 X123.41 Y119.2 E1137.4705
G1 X123.41 Y120.8 E1137.52372
G0 F9000 X123.01 Y120.4
G1 F1500 X89.818 Y120.4 E1138.62769
G1 X89.818 Y119.6 E1138.6543
G1 X123.01 Y119.6 E1139.75827
G1 X123.01 Y120.4 E1139.78488
G0 F9000 X122.545 Y119.999
;TYPE:SKIN
G1 F1500 X122.262 Y119.999 E1139.79559
G1 X90.3 Y119.999 E1141.00524
G1 X90.117 Y120.099 E1141.01313
G1 F2700 E1136.01313
G0 F9000 X90.243 Y120.224
G0 X122.603 Y119.775
G1 F2700 E1141.01313
G1 F1500 X122.834 Y120.005 E1141.01855
G1 F2700 E1136.01855
G0 F9000 X123.596 Y119.014
G0 X124.663 Y118.853
G0 X124.671 Y121.557
G0 X124.167 Y122.061
G0 X88.661 Y122.061
G0 X88.157 Y121.557
G0 X88.157 Y118.443
G0 X88.661 Y117.939
G0 X111.005 Y114.739
G0 X124.231 Y114.747
G0 X125.298 Y114.486
G1 F2700 E1141.01855
G0 F9000 X125.084 Y114.7
;TYPE:WALL-OUTER
G1 F1500 X125.083 Y105.3 E1141.33119
G1 X132.458 Y105.3 E1141.57649
G1 X132.458 Y114.7 E1141.88913
G1 X125.084 Y114.7 E1142.13439
G0 F9000 X125.484 Y114.3
;TYPE:WALL-INNER
G1 F1500 X125.483 Y105.7 E1142.42043
G1 X132.058 Y105.7 E1142.63912
G1 X132.058 Y114.3 E1142.92515
G1 X125.484 Y114.3 E1143.14381
G0 F9000 X125.884 Y113.9
G1 F1500 X125.883 Y106.1 E1143.40323
G1 X131.658 Y106.1 E1143.59531
G1 X131.658 Y113.9 E1143.85474
G1 X125.884 Y113.9 E1144.04679
G0 F9000 X126.284 Y113.5
G1 F1500 X126.283 Y106.5 E1144.27961
G1 X131.258 Y106.5 E1144.44508
G1 X131.258 Y113.5 E1144.6779
G1 X126.284 Y113.5 E1144.84333
G0 F9000 X126.674 Y113.11
;TYPE:SKIN
G1 F1500 X126.673 Y106.89 E1145.05021
G1 X130.868 Y106.89 E1145.18974
G1 X130.868 Y113.11 E1145.39661
G1 X126.674 Y113.11 E1145.53611
G0 F9000 X127.091 Y112.949
G1 F1500 X126.832 Y112.69 E1145.54829
M73 P91
G0 F9000 X126.832 Y112.124
G1 F1500 X127.657 Y112.949 E1145.5871
G0 F9000 X128.223 Y112.949
G1 F1500 X126.832 Y111.558 E1145.65252
G0 F9000 X126.832 Y110.993
G1 F1500 X128.788 Y112.949 E1145.74453
G0 F9000 X129.354 Y112.949
G1 F1500 X126.832 Y110.427 E1145.86316
G0 F9000 X126.832 Y109.861
G1 F1500 X129.92 Y112.949 E1146.00841
G0 F9000 X130.485 Y112.949
G1 F1500 X126.832 Y109.296 E1146.18023
G0 F9000 X126.832 Y108.73
G1 F1500 X130.707 Y112.605 E1146.3625
G0 F9000 X130.707 Y112.039
G1 F1500 X126.832 Y108.164 E1146.54477
G0 F9000 X126.832 Y107.599
G1 F1500 X130.707 Y111.473 E1146.72701
G0 F9000 X130.707 Y110.908
G1 F1500 X126.849 Y107.05 E1146.90848
G0 F9000 X127.414 Y107.05
G1 F1500 X130.707 Y110.342 E1147.06335
G0 F9000 X130.707 Y109.776
G1 F1500 X127.98 Y107.05 E1147.1916
G0 F9000 X128.546 Y107.05
G1 F1500 X130.707 Y109.211 E1147.29324
G0 F9000 X130.707 Y108.645
G1 F1500 X129.112 Y107.05 E1147.36827
G0 F9000 X129.677 Y107.05
G1 F1500 X130.707 Y108.079 E1147.41669
G0 F9000 X130.707 Y107.514
G1 F1500 X130.243 Y107.05 E1147.43852
G0 F9000 X130.243 Y106.31
G1 F2700 E1142.43852
G0 F9000 X125.297 Y105.514
G0 X124.23 Y105.253
G0 X111.004 Y105.261
G0 X88.66 Y102.061
G0 X88.156 Y101.557
G0 X88.156 Y98.443
G0 X88.66 Y97.939
G0 X124.167 Y97.939
G0 X124.671 Y98.443
G0 X124.663 Y101.147
G0 X123.596 Y100.986
G1 F2700 E1147.43852
G0 F9000 X123.81 Y101.2
;TYPE:WALL-OUTER
G1 F1500 X89.017 Y101.2 E1148.59574
G1 X89.017 Y98.8 E1148.67556
G1 X123.81 Y98.8 E1149.83278
G1 X123.81 Y101.2 E1149.9126
G0 F9000 X123.41 Y100.8
;TYPE:WALL-INNER
G1 F1500 X89.417 Y100.8 E1151.04322
G1 X89.417 Y99.2 E1151.09643
G1 X123.41 Y99.2 E1152.22704
G1 X123.41 Y100.8 E1152.28026
G0 F9000 X123.01 Y100.4
G1 F1500 X89.817 Y100.4 E1153.38426
G1 X89.817 Y99.6 E1153.41087
G1 X123.01 Y99.6 E1154.51488
G1 X123.01 Y100.4 E1154.54148
G0 F9000 X122.834 Y100.206
;TYPE:SKIN
G1 F1500 X122.403 Y99.775 E1154.55162
G0 F9000 X122.759 Y99.849
G1 F1500 X122.344 Y99.999 E1154.56794
G1 X105.09 Y99.998 E1155.20611
G1 X90.382 Y99.998 E1155.75011
M73 P92
G1 X90.016 Y100.198 E1155.76554
G0 F9000 X90.041 Y100.223
G1 F2700 E1150.76554
G0 F9000 X111.661 Y100.98
G0 X111.661 Y102.22
G0 X111.661 Y104.13
G1 F2700 E1155.76554
G0 F9000 X111.361 Y104.4
;TYPE:WALL-OUTER
G1 F1500 X111.361 Y102 E1155.84536
G1 X127.81 Y102 E1156.39246
G1 X127.81 Y104.4 E1156.47228
G1 X111.361 Y104.4 E1157.01938
G0 F9000 X111.761 Y104
;TYPE:WALL-INNER
G1 F1500 X111.761 Y102.4 E1157.07259
G1 X127.41 Y102.4 E1157.59308
G1 X127.41 Y104 E1157.6463
G1 X111.761 Y104 E1158.16679
G0 F9000 X112.161 Y103.6
G1 F1500 X112.161 Y102.8 E1158.19339
G1 X127.01 Y102.8 E1158.68727
G1 X127.01 Y103.6 E1158.71388
G1 X112.161 Y103.6 E1159.20776
G0 F9000 X112.405 Y103.354
;TYPE:SKIN
G1 F1500 X112.546 Y103.212 E1159.21525
G1 X117.342 Y103.199 E1159.3947
G1 X126.393 Y103.199 E1159.73335
G1 X126.784 Y103.025 E1159.74936
G0 F9000 X126.734 Y102.975
G1 F2700 E1154.74936
G0 F9000 X111.662 Y104.18
G0 X111.662 Y105.265
G0 X111.662 Y114.735
G0 X111.662 Y115.82
G0 X111.662 Y117.73
G1 F2700 E1159.74936
G0 F9000 X111.362 Y118
;TYPE:WALL-OUTER
G1 F1500 X111.362 Y115.6 E1159.82919
G1 X127.81 Y115.6 E1160.37625
G1 X127.81 Y118 E1160.45608
G1 X111.362 Y118 E1161.00314
G0 F9000 X111.762 Y117.6
;TYPE:WALL-INNER
G1 F1500 X111.762 Y116 E1161.05636
G1 X127.41 Y116 E1161.57681
G1 X127.41 Y117.6 E1161.63003
G1 X111.762 Y117.6 E1162.15048
G0 F9000 X112.162 Y117.2
G1 F1500 X112.162 Y116.4 E1162.17709
G1 X127.01 Y116.4 E1162.67094
G1 X127.01 Y117.2 E1162.69754
G1 X112.162 Y117.2 E1163.19139
G0 F9000 X112.498 Y117.024
;TYPE:SKIN
G1 F1500 X112.337 Y116.862 E1163.19519
G0 F9000 X112.559 Y116.801
G1 F1500 X112.839 Y116.799 E1163.20591
G1 X126.416 Y116.799 E1163.72578
G1 X126.795 Y116.613 E1163.74195
G0 F9000 X126.757 Y116.575
G1 F2700 E1158.74195
;MESH:NONMESH
G0 F300 X126.757 Y116.575 Z4.51
G0 F9000 X125.354 Y115.82
G0 X125.354 Y114.48
G1 F2700 E1163.74195
G0 F9000 X125.066 Y114.7
M117 Time Left 0h01m39s
M73 P93
;TIME_ELAPSED:1443.258328
;LAYER:15
;TYPE:WALL-OUTER
;MESH:Over_Center_Mechanism_v2.stl
G1 F1176.7 X125.065 Y105.3 E1164.05459
G1 X132.458 Y105.3 E1164.30048
G1 X132.458 Y114.7 E1164.61313
G1 X125.066 Y114.7 E1164.85899
G0 F9000 X125.466 Y114.3
;TYPE:WALL-INNER
G1 F1176.7 X125.465 Y105.7 E1165.14502
G1 X132.058 Y105.7 E1165.36431
G1 X132.058 Y114.3 E1165.65035
G1 X125.466 Y114.3 E1165.8696
G0 F9000 X125.866 Y113.9
G1 F1176.7 X125.865 Y106.1 E1166.12902
G1 X131.658 Y106.1 E1166.3217
G1 X131.658 Y113.9 E1166.58113
G1 X125.866 Y113.9 E1166.77377
G0 F9000 X126.266 Y113.5
G1 F1176.7 X126.265 Y106.5 E1167.00659
G1 X131.258 Y106.5 E1167.17266
G1 X131.258 Y113.5 E1167.40548
G1 X126.266 Y113.5 E1167.57152
G0 F9000 X126.656 Y113.11
;TYPE:SKIN
G1 F1176.7 X126.655 Y106.89 E1167.7784
G1 X130.868 Y106.89 E1167.91852
G1 X130.868 Y113.11 E1168.1254
G1 X126.656 Y113.11 E1168.26549
G0 F9000 X126.656 Y113.39
G0 X131.076 Y113.318
G0 X131.148 Y112.537
G0 X130.707 Y112.537
G1 F1176.7 X130.294 Y112.95 E1168.28492
G0 F9000 X129.728 Y112.95
G1 F1176.7 X130.707 Y111.971 E1168.33097
G0 F9000 X130.707 Y111.406
G1 F1176.7 X129.162 Y112.95 E1168.40361
G0 F9000 X128.597 Y112.95
G1 F1176.7 X130.707 Y110.84 E1168.50286
G0 F9000 X130.707 Y110.274
G1 F1176.7 X128.031 Y112.95 E1168.62873
G0 F9000 X127.465 Y112.95
G1 F1176.7 X130.707 Y109.709 E1168.7812
G0 F9000 X130.707 Y109.143
G1 F1176.7 X126.9 Y112.95 E1168.96027
G0 F9000 X126.815 Y112.469
G1 F1176.7 X130.707 Y108.577 E1169.14334
G0 F9000 X130.707 Y108.011
G1 F1176.7 X126.815 Y111.903 E1169.32641
G0 F9000 X126.815 Y111.338
G1 F1176.7 X130.707 Y107.446 E1169.50948
G0 F9000 X130.537 Y107.05
G1 F1176.7 X126.815 Y110.772 E1169.68455
G0 F9000 X126.815 Y110.206
G1 F1176.7 X129.971 Y107.05 E1169.833
G0 F9000 X129.406 Y107.05
G1 F1176.7 X126.814 Y109.641 E1169.95489
G0 F9000 X126.814 Y109.076
G1 F1176.7 X128.84 Y107.05 E1170.05019
G0 F9000 X128.274 Y107.05
G1 F1176.7 X126.814 Y108.51 E1170.11886
G0 F9000 X126.814 Y107.944
G1 F1176.7 X127.709 Y107.05 E1170.16094
G0 F9000 X127.143 Y107.05
G1 F1176.7 X126.814 Y107.379 E1170.17641
G0 F9000 X126.075 Y107.379
;MESH:NONMESH
G0 F300 X126.075 Y107.379 Z4.71
G0 F9000 X125.336 Y114.43
G0 X125.059 Y114.7
M117 Time Left 0h01m27s
M73 P94
;TIME_ELAPSED:1455.489328
;LAYER:16
;TYPE:WALL-OUTER
;MESH:Over_Center_Mechanism_v2.stl
G1 F1177.2 X125.059 Y105.3 E1170.48906
G1 X132.458 Y105.3 E1170.73515
G1 X132.457 Y114.7 E1171.04779
G1 X125.059 Y114.7 E1171.29385
G0 F9000 X125.459 Y114.3
;TYPE:WALL-INNER
G1 F1177.2 X125.459 Y105.7 E1171.57989
G1 X132.058 Y105.7 E1171.79937
G1 X132.057 Y114.3 E1172.08541
G1 X125.459 Y114.3 E1172.30486
G0 F9000 X125.859 Y113.9
G1 F1177.2 X125.859 Y106.1 E1172.56429
G1 X131.658 Y106.1 E1172.75717
G1 X131.657 Y113.9 E1173.01659
G1 X125.859 Y113.9 E1173.20944
G0 F9000 X126.259 Y113.5
G1 F1177.2 X126.259 Y106.5 E1173.44226
G1 X131.258 Y106.5 E1173.60853
G1 X131.257 Y113.5 E1173.84135
G1 X126.259 Y113.5 E1174.00758
G0 F9000 X126.649 Y113.11
;TYPE:SKIN
G1 F1177.2 X126.649 Y106.89 E1174.21446
G1 X130.868 Y106.89 E1174.35478
G1 X130.867 Y113.11 E1174.56166
G1 X126.649 Y113.11 E1174.70195
G0 F9000 X127.091 Y112.949
G1 F1177.2 X126.808 Y112.666 E1174.71526
G0 F9000 X126.808 Y112.1
G1 F1177.2 X127.657 Y112.949 E1174.7552
G0 F9000 X128.223 Y112.949
G1 F1177.2 X126.808 Y111.534 E1174.82176
G0 F9000 X126.808 Y110.969
G1 F1177.2 X128.788 Y112.949 E1174.91489
G0 F9000 X129.354 Y112.949
G1 F1177.2 X126.808 Y110.403 E1175.03464
G0 F9000 X126.808 Y109.837
G1 F1177.2 X129.92 Y112.949 E1175.18102
G0 F9000 X130.485 Y112.949
G1 F1177.2 X126.808 Y109.272 E1175.35398
G0 F9000 X126.808 Y108.706
G1 F1177.2 X130.707 Y112.605 E1175.53738
G0 F9000 X130.707 Y112.039
G1 F1177.2 X126.808 Y108.14 E1175.72077
G0 F9000 X126.808 Y107.574
G1 F1177.2 X130.707 Y111.473 E1175.90417
G0 F9000 X130.707 Y110.908
G1 F1177.2 X126.849 Y107.05 E1176.08564
G0 F9000 X127.414 Y107.05
G1 F1177.2 X130.707 Y110.342 E1176.24051
G0 F9000 X130.707 Y109.776
G1 F1177.2 X127.98 Y107.05 E1176.36875
G0 F9000 X128.546 Y107.05
G1 F1177.2 X130.707 Y109.211 E1176.4704
G0 F9000 X130.707 Y108.645
G1 F1177.2 X129.112 Y107.05 E1176.54542
G0 F9000 X129.677 Y107.05
G1 F1177.2 X130.707 Y108.079 E1176.59385
G0 F9000 X130.707 Y107.514
G1 F1177.2 X130.243 Y107.05 E1176.61567
G0 F9000 X130.243 Y106.31
;MESH:NONMESH
G0 F300 X130.243 Y106.31 Z4.91
G0 F9000 X131.076 Y106.682
G0 X131.075 Y113.318
G0 X127.444 Y114.4
G0 X127.444 Y114.7
M117 Time Left 0h01m15s
M73 P95
;TIME_ELAPSED:1467.692977
;LAYER:17
;TYPE:WALL-OUTER
;MESH:Over_Center_Mechanism_v2.stl
G1 F600 X127.443 Y105.3 E1176.92832
G1 X128.727 Y105.3 E1176.97102
G1 X128.728 Y114.7 E1177.28367
G1 X127.444 Y114.7 E1177.32638
G0 F9000 X127.844 Y114.3
;TYPE:WALL-INNER
G1 F600 X127.843 Y105.7 E1177.61241
G1 X128.327 Y105.7 E1177.62851
G1 X128.328 Y114.3 E1177.91455
G1 X127.844 Y114.3 E1177.93065
G0 F9000 X128.018 Y114.095
;TYPE:SKIN
G1 F600 X128.151 Y113.961 E1177.93379
G0 F9000 X128.018 Y113.812
G1 F600 X128.151 Y113.678 E1177.93693
G0 F9000 X128.018 Y113.529
G1 F600 X128.151 Y113.395 E1177.94007
G0 F9000 X128.084 Y113.179
G1 F600 X128.084 Y112.896 E1177.94335
G1 X128.084 Y106.108 E1178.02209
G0 F9000 X128.127 Y106.04
;MESH:NONMESH
G0 F300 X128.127 Y106.04 Z5.11
G0 F9000 X127.714 Y114.43
G0 X127.328 Y114.7
M117 Time Left 0h01m10s
;TIME_ELAPSED:1472.991207
;LAYER:18
;TYPE:WALL-OUTER
;MESH:Over_Center_Mechanism_v2.stl
G1 F600 X127.327 Y105.3 E1178.33473
G1 X128.843 Y105.3 E1178.38515
G1 X128.844 Y114.7 E1178.6978
G1 X127.328 Y114.7 E1178.74822
G0 F9000 X127.728 Y114.3
;TYPE:WALL-INNER
G1 F600 X127.727 Y105.7 E1179.03426
G1 X128.443 Y105.7 E1179.05807
G1 X128.444 Y114.3 E1179.34411
G1 X127.728 Y114.3 E1179.36792
G0 F9000 X127.942 Y114.083
;TYPE:SKIN
G1 F600 X128.084 Y113.941 E1179.37404
G1 X128.084 Y106.305 E1179.60648
G1 X128.243 Y105.899 E1179.61975
G0 F9000 X128.243 Y105.922
;MESH:NONMESH
G0 F300 X128.243 Y105.922 Z5.31
G0 F9000 X127.598 Y114.43
G0 X127.213 Y114.7
M117 Time Left 0h01m04s
;TIME_ELAPSED:1478.332787
;LAYER:19
;TYPE:WALL-OUTER
;MESH:Over_Center_Mechanism_v2.stl
G1 F600 X127.212 Y105.3 E1179.9324
G1 X128.958 Y105.3 E1179.99047
G1 X128.959 Y114.7 E1180.30311
G1 X127.213 Y114.7 E1180.36119
G0 F9000 X127.613 Y114.3
;TYPE:WALL-INNER
G1 F600 X127.612 Y105.7 E1180.64722
G1 X128.558 Y105.7 E1180.67869
G1 X128.559 Y114.3 E1180.96472
G1 X127.613 Y114.3 E1180.99619
G0 F9000 X128.013 Y113.9
G1 F600 X128.012 Y106.1 E1181.25562
G1 X128.158 Y106.1 E1181.26047
G1 X128.159 Y113.9 E1181.35542
G1 X128.013 Y113.9 E1181.36028
;MESH:NONMESH
G0 F300 X128.013 Y113.9 Z5.51
G0 F9000 X127.483 Y114.43
G0 X127.097 Y114.7
M117 Time Left 0h00m58s
M73 P96
;TIME_ELAPSED:1484.359834
;LAYER:20
;TYPE:WALL-OUTER
;MESH:Over_Center_Mechanism_v2.stl
G1 F600 X127.096 Y105.3 E1181.67292
G1 X129.074 Y105.3 E1181.73871
G1 X129.075 Y114.7 E1182.05136
G1 X127.097 Y114.7 E1182.11715
G0 F9000 X127.497 Y114.3
;TYPE:WALL-INNER
G1 F600 X127.496 Y105.7 E1182.40318
G1 X128.674 Y105.7 E1182.44236
G1 X128.675 Y114.3 E1182.7284
G1 X127.497 Y114.3 E1182.76758
G0 F9000 X127.897 Y113.9
G1 F600 X127.896 Y106.1 E1183.02701
G1 X128.274 Y106.1 E1183.03958
G1 X128.275 Y113.9 E1183.28536
G1 X127.897 Y113.9 E1183.29793
;MESH:NONMESH
G0 F300 X127.897 Y113.9 Z5.71
G0 F9000 X127.367 Y114.43
G0 X126.982 Y114.7
M117 Time Left 0h00m52s
;TIME_ELAPSED:1490.526050
;LAYER:21
;TYPE:WALL-OUTER
;MESH:Over_Center_Mechanism_v2.stl
G1 F600 X126.981 Y105.3 E1183.61058
G1 X129.189 Y105.3 E1183.68402
G1 X129.19 Y114.7 E1183.99666
G1 X126.982 Y114.7 E1184.0701
G0 F9000 X127.382 Y114.3
;TYPE:WALL-INNER
G1 F600 X127.381 Y105.7 E1184.35614
G1 X128.789 Y105.7 E1184.40297
G1 X128.79 Y114.3 E1184.689
G1 X127.382 Y114.3 E1184.73583
G0 F9000 X127.782 Y113.9
G1 F600 X127.781 Y106.1 E1184.99526
G1 X128.389 Y106.1 E1185.01549
G1 X128.39 Y113.9 E1185.27491
G1 X127.782 Y113.9 E1185.29514
G0 F9000 X128.084 Y113.462
;TYPE:SKIN
G1 F600 X128.084 Y113.179 E1185.30155
G1 X128.078 Y106.397 E1185.45519
G0 F9000 X128.201 Y106.274
G0 X128.213 Y113.617
G1 F600 X128.105 Y113.725 E1185.45773
;MESH:NONMESH
G0 F300 X128.105 Y113.725 Z5.91
G0 F9000 X127.252 Y114.43
G0 X126.866 Y114.7
M117 Time Left 0h00m45s
M73 P97
;TIME_ELAPSED:1497.881607
;LAYER:22
;TYPE:WALL-OUTER
;MESH:Over_Center_Mechanism_v2.stl
G1 F600 X126.865 Y105.3 E1185.77038
G1 X129.305 Y105.3 E1185.85153
G1 X129.306 Y114.7 E1186.16418
G1 X126.866 Y114.7 E1186.24533
G0 F9000 X127.266 Y114.3
;TYPE:WALL-INNER
G1 F600 X127.265 Y105.7 E1186.53137
G1 X128.905 Y105.7 E1186.58591
G1 X128.906 Y114.3 E1186.87195
G1 X127.266 Y114.3 E1186.9265
G0 F9000 X127.666 Y113.9
G1 F600 X127.665 Y106.1 E1187.18593
G1 X128.505 Y106.1 E1187.21387
G1 X128.506 Y113.9 E1187.4733
G1 X127.666 Y113.9 E1187.50123
G0 F9000 X128.066 Y113.5
G1 F600 X128.065 Y106.5 E1187.73405
G1 X128.105 Y106.5 E1187.73539
G1 X128.106 Y113.5 E1187.75876
G1 X128.066 Y113.5 E1187.76009
;MESH:NONMESH
G0 F300 X128.066 Y113.5 Z6.11
G0 F9000 X127.136 Y114.43
G0 X126.751 Y114.7
M117 Time Left 0h00m37s
;TIME_ELAPSED:1505.817181
;LAYER:23
;TYPE:WALL-OUTER
;MESH:Over_Center_Mechanism_v2.stl
G1 F600 X126.75 Y105.3 E1188.07273
G1 X129.42 Y105.3 E1188.16154
G1 X129.421 Y114.7 E1188.47418
G1 X126.751 Y114.7 E1188.56299
G0 F9000 X127.151 Y114.3
;TYPE:WALL-INNER
G1 F600 X127.15 Y105.7 E1188.84902
G1 X129.02 Y105.7 E1188.91122
G1 X129.021 Y114.3 E1189.19726
G1 X127.151 Y114.3 E1189.25945
G0 F9000 X127.551 Y113.9
G1 F600 X127.55 Y106.1 E1189.51888
G1 X128.62 Y106.1 E1189.55447
G1 X128.621 Y113.9 E1189.8139
G1 X127.551 Y113.9 E1189.84949
G0 F9000 X127.951 Y113.5
G1 F600 X127.95 Y106.5 E1190.08231
G1 X128.22 Y106.5 E1190.09129
G1 X128.221 Y113.5 E1190.24885
G1 X127.951 Y113.5 E1190.25783
;MESH:NONMESH
G0 F300 X127.951 Y113.5 Z6.31
G0 F9000 X127.021 Y114.43
G0 X126.635 Y114.7
M117 Time Left 0h00m29s
M73 P98
;TIME_ELAPSED:1513.939033
;LAYER:24
;TYPE:WALL-OUTER
;MESH:Over_Center_Mechanism_v2.stl
G1 F600 X126.634 Y105.3 E1190.57047
G1 X129.536 Y105.3 E1190.66699
G1 X129.537 Y114.7 E1190.97964
G1 X126.635 Y114.7 E1191.07616
G0 F9000 X127.035 Y114.3
;TYPE:WALL-INNER
G1 F600 X127.034 Y105.7 E1191.3622
G1 X129.136 Y105.7 E1191.43211
G1 X129.137 Y114.3 E1191.71815
G1 X127.035 Y114.3 E1191.78806
G0 F9000 X127.435 Y113.9
G1 F600 X127.434 Y106.1 E1192.04749
G1 X128.736 Y106.1 E1192.09079
G1 X128.737 Y113.9 E1192.35022
G1 X127.435 Y113.9 E1192.39353
G0 F9000 X127.835 Y113.5
G1 F600 X127.834 Y106.5 E1192.62635
G1 X128.336 Y106.5 E1192.64305
G1 X128.337 Y113.5 E1192.87587
G1 X127.835 Y113.5 E1192.89256
G0 F9000 X128.176 Y112.903
;TYPE:SKIN
G1 F600 X127.993 Y112.719 E1192.90119
G0 F9000 X128.176 Y112.337
G1 F600 X127.993 Y112.154 E1192.9098
G0 F9000 X128.176 Y111.771
G1 F600 X127.993 Y111.588 E1192.91841
G0 F9000 X128.176 Y111.205
G1 F600 X127.993 Y111.022 E1192.92702
G0 F9000 X128.176 Y110.64
G1 F600 X127.993 Y110.457 E1192.93563
G0 F9000 X128.176 Y110.074
G1 F600 X127.993 Y109.891 E1192.94423
G0 F9000 X128.176 Y109.508
G1 F600 X127.993 Y109.325 E1192.95284
G0 F9000 X128.176 Y108.943
G1 F600 X127.993 Y108.76 E1192.96145
G0 F9000 X128.176 Y108.377
G1 F600 X127.993 Y108.194 E1192.97006
G0 F9000 X128.176 Y107.811
G1 F600 X127.993 Y107.628 E1192.97866
G0 F9000 X128.176 Y107.246
G1 F600 X127.993 Y107.063 E1192.98727
G0 F9000 X127.644 Y107.062
;MESH:NONMESH
G0 F300 X127.644 Y107.062 Z6.51
G0 F9000 X126.905 Y114.43
G0 X126.52 Y114.7
M117 Time Left 0h00m19s
;TIME_ELAPSED:1523.297924
;LAYER:25
;TYPE:WALL-OUTER
;MESH:Over_Center_Mechanism_v2.stl
G1 F600 X126.519 Y105.3 E1193.29992
G1 X129.651 Y105.3 E1193.40409
G1 X129.652 Y114.7 E1193.71673
G1 X126.52 Y114.7 E1193.8209
G0 F9000 X126.92 Y114.3
;TYPE:WALL-INNER
G1 F600 X126.919 Y105.7 E1194.10694
G1 X129.251 Y105.7 E1194.1845
G1 X129.252 Y114.3 E1194.47054
G1 X126.92 Y114.3 E1194.5481
G0 F9000 X127.32 Y113.9
G1 F600 X127.319 Y106.1 E1194.80753
G1 X128.851 Y106.1 E1194.85849
G1 X128.852 Y113.9 E1195.11792
G1 X127.32 Y113.9 E1195.16887
G0 F9000 X127.72 Y113.5
G1 F600 X127.719 Y106.5 E1195.40169
G1 X128.451 Y106.5 E1195.42604
G1 X128.452 Y113.5 E1195.65886
G1 X127.72 Y113.5 E1195.68321
G0 F9000 X128.29 Y113.257
;TYPE:SKIN
G1 F600 X128.207 Y113.34 E1195.68711
G0 F9000 X127.879 Y113.102
G1 F600 X128.29 Y112.691 E1195.70644
G0 F9000 X127.879 Y112.536
G1 F600 X128.29 Y112.125 E1195.72577
G0 F9000 X127.879 Y111.971
G1 F600 X128.29 Y111.56 E1195.74511
G0 F9000 X127.879 Y111.405
G1 F600 X128.29 Y110.994 E1195.76444
G0 F9000 X127.879 Y110.839
G1 F600 X128.29 Y110.428 E1195.78377
G0 F9000 X127.879 Y110.274
G1 F600 X128.29 Y109.863 E1195.8031
G0 F9000 X127.879 Y109.708
G1 F600 X128.29 Y109.297 E1195.82243
G0 F9000 X127.879 Y109.142
G1 F600 X128.29 Y108.731 E1195.84177
G0 F9000 X127.879 Y108.576
G1 F600 X128.29 Y108.166 E1195.86108
G0 F9000 X127.879 Y108.011
G1 F600 X128.29 Y107.6 E1195.88041
G0 F9000 X127.879 Y107.445
G1 F600 X128.29 Y107.034 E1195.89974
G0 F9000 X128.099 Y106.659
G1 F600 X127.879 Y106.879 E1195.91009
G0 F9000 X127.529 Y106.878
;MESH:NONMESH
G0 F300 X127.529 Y106.878 Z6.71
G0 F9000 X126.79 Y114.43
G0 X126.405 Y114.7
M117 Time Left 0h00m09s
M73 P99
;TIME_ELAPSED:1533.354097
;LAYER:26
;TYPE:WALL-OUTER
;MESH:Over_Center_Mechanism_v2.stl
G1 F600 X126.405 Y105.3 E1196.22273
G1 X129.766 Y105.3 E1196.33452
G1 X129.766 Y114.7 E1196.64717
G1 X126.405 Y114.7 E1196.75895
G0 F9000 X126.805 Y114.3
;TYPE:WALL-INNER
G1 F600 X126.805 Y105.7 E1197.04499
G1 X129.366 Y105.7 E1197.13017
G1 X129.366 Y114.3 E1197.41621
G1 X126.805 Y114.3 E1197.50139
G0 F9000 X127.205 Y113.9
G1 F600 X127.205 Y106.1 E1197.76081
G1 X128.966 Y106.1 E1197.81939
G1 X128.966 Y113.9 E1198.07881
G1 X127.205 Y113.9 E1198.13739
G0 F9000 X127.605 Y113.5
G1 F600 X127.605 Y106.5 E1198.37021
G1 X128.566 Y106.5 E1198.40217
G1 X128.566 Y113.5 E1198.63499
G1 X127.605 Y113.5 E1198.66695
G0 F9000 X127.995 Y113.11
;TYPE:SKIN
G1 F600 X127.995 Y106.89 E1198.87383
G1 X128.176 Y106.89 E1198.87985
G1 X128.176 Y113.11 E1199.08673
G1 X127.995 Y113.11 E1199.09275
G0 F9000 X127.415 Y113.11
M117 Time Left 0h00m00s
M73 P100
;TIME_ELAPSED:1543.247018
G1 F2700 E1194.09275
M140 S0
M107
G91 ;Relative positioning
G1 E-2 F2700 ;Retract a bit
G1 E-2 Z0.2 F2400 ;Retract and raise Z
G1 X5 Y5 F3000 ;Wipe out
G1 Z10 ;Raise Z more
G90 ;Absolute positioning

G1 X0 Y220.0 ;Present print
M106 S0 ;Turn-off fan
M104 S0 ;Turn-off hotend
M140 S0 ;Turn-off bed

M84 X Y E ;Disable all steppers but Z

M82 ;absolute extrusion mode
M104 S0
;End of Gcode
;SETTING_3 {"global_quality": "[general]\\nversion = 4\\nname = Hatbox - PLA\\nd
;SETTING_3 efinition = creality_ender3\\n\\n[metadata]\\ntype = quality_changes\
;SETTING_3 \nquality_type = standard\\nsetting_version = 19\\n\\n[values]\\nadhe
;SETTING_3 sion_type = raft\\nlayer_height_0 = 0.3\\nmaterial_bed_temperature = 
;SETTING_3 60\\nsupport_enable = True\\n\\n", "extruder_quality": ["[general]\\n
;SETTING_3 version = 4\\nname = Hatbox - PLA\\ndefinition = creality_ender3\\n\\
;SETTING_3 n[metadata]\\ntype = quality_changes\\nquality_type = standard\\ninte
;SETTING_3 nt_category = default\\nposition = 0\\nsetting_version = 19\\n\\n[val
;SETTING_3 ues]\\ninfill_sparse_density = 30\\nmaterial_flow_layer_0 = 110.0\\no
;SETTING_3 uter_inset_first = True\\nraft_margin = 5\\nsupport_infill_rate = 10\
;SETTING_3 \ntop_bottom_pattern_0 = concentric\\nwall_line_count = 4\\nxy_offset
;SETTING_3  = -0.1\\n\\n"]}
